{
  "secretKey":"123456789",
  "expiresIn": "1h",
  "users": [
      {
        "id": 1,
        "name": "bruno",
        "email": "bruno@email.com",
        "password": "bruno"
      },
      {
        "id": 2,
        "name": "techie",
        "email": "techie@email.com",
        "password": "techie"
      },
      {
        "id": 3,
        "name": "nilson",
        "email": "nilson@email.com",
        "password": "nilson"
      }
    ],
  "authenticationURL":"/auth/login",
  "authenticatedURL":["/users"]

}