{  
  "survei":[
    {
      "id": 1,
      "nama_lengkap": "Ade Yance Yolanda M.Farm",
      "alamat": "Ki. Moch. Toha No. 315, Padang 60812, DIY",
      "kec": "Samboja",
      "kel": "pemedas",
      "no_rt": 5,
      "no_tps": 6,
      "no_hp": "(+62)277409278",
      "ada_dlm_dpt": 1,
      "pilihan_survei": "Caleg 2"
    },
    {
      "id": 2,
      "nama_lengkap": "Radit Sihotang S.IP",
      "alamat": "Dk. Abdul No. 238, Sukabumi 28286, Sultra",
      "kec": "Samboja",
      "kel": "sanipah",
      "no_rt": 8,
      "no_tps": 3,
      "no_hp": "05938493174",
      "ada_dlm_dpt": 0,
      "pilihan_survei": "Caleg 2"
    },
    {
      "id": 3,
      "nama_lengkap": "Pandu Ganjaran Siregar S.E.I",
      "alamat": "Kpg. Suryo No. 826, Surabaya 63843, Babel",
      "kec": "Samboja",
      "kel": "sanipah",
      "no_rt": 6,
      "no_tps": 2,
      "no_hp": "06013292950",
      "ada_dlm_dpt": 0,
      "pilihan_survei": "Caleg 2"
    },
    {
      "id": 4,
      "nama_lengkap": "Gasti Kusmawati",
      "alamat": "Kpg. Ronggowarsito No. 658, Surabaya 89352, Kaltara",
      "kec": "Samboja",
      "kel": "pemedas",
      "no_rt": 6,
      "no_tps": 1,
      "no_hp": "(+62)44805249794",
      "ada_dlm_dpt": 1,
      "pilihan_survei": "Caleg 3"
    },
    {
      "id": 5,
      "nama_lengkap": "Yessi Aurora Zulaika M.Pd",
      "alamat": "Psr. Baabur Royan No. 117, Tebing Tinggi 65317, Sumut",
      "kec": "Samboja",
      "kel": "kuala samboja",
      "no_rt": 5,
      "no_tps": 4,
      "no_hp": "0256343163",
      "ada_dlm_dpt": 1,
      "pilihan_survei": "Caleg 2"
    },
    {
      "id": 6,
      "nama_lengkap": "Sakura Yulianti",
      "alamat": "Gg. Ters. Jakarta No. 846, Depok 95521, Jabar",
      "kec": "Samboja",
      "kel": "sanipah",
      "no_rt": 5,
      "no_tps": 8,
      "no_hp": "08903791366",
      "ada_dlm_dpt": 1,
      "pilihan_survei": "Caleg 1"
    },
    {
      "id": 7,
      "nama_lengkap": "Hasta Adriansyah",
      "alamat": "Gg. Mahakam No. 343, Batam 15433, Jatim",
      "kec": "Samboja",
      "kel": "pemedas",
      "no_rt": 4,
      "no_tps": 4,
      "no_hp": "07064149819",
      "ada_dlm_dpt": 0,
      "pilihan_survei": "Caleg 2"
    },
    {
      "id": 8,
      "nama_lengkap": "Lintang Melani",
      "alamat": "Dk. Laksamana No. 711, Pontianak 56385, Kaltara",
      "kec": "Samboja",
      "kel": "sanipah",
      "no_rt": 8,
      "no_tps": 6,
      "no_hp": "(+62)68911528182",
      "ada_dlm_dpt": 1,
      "pilihan_survei": "Caleg 3"
    },
    {
      "id": 9,
      "nama_lengkap": "Zamira Wulan Purwanti",
      "alamat": "Jln. Villa No. 373, Tegal 20948, Gorontalo",
      "kec": "Samboja",
      "kel": "kuala samboja",
      "no_rt": 3,
      "no_tps": 6,
      "no_hp": "06071016939",
      "ada_dlm_dpt": 0,
      "pilihan_survei": "Caleg 3"
    },
    {
      "id": 10,
      "nama_lengkap": "Bakianto Kamidin Hidayat S.Sos",
      "alamat": "Ds. Abdul. Muis No. 730, Binjai 37941, Sumbar",
      "kec": "Samboja",
      "kel": "sanipah",
      "no_rt": 8,
      "no_tps": 2,
      "no_hp": "(+62)270892164",
      "ada_dlm_dpt": 0,
      "pilihan_survei": "Caleg 3"
    },
    {
      "id": 11,
      "nama_lengkap": "Karma Capa Firgantoro",
      "alamat": "Dk. Krakatau No. 208, Parepare 51423, Bengkulu",
      "kec": "Samboja",
      "kel": "sanipah",
      "no_rt": 5,
      "no_tps": 5,
      "no_hp": "(+62)84837428422",
      "ada_dlm_dpt": 1,
      "pilihan_survei": "Caleg 3"
    },
    {
      "id": 12,
      "nama_lengkap": "Devi Fujiati",
      "alamat": "Kpg. Kiaracondong No. 702, Denpasar 27416, Bali",
      "kec": "Samboja",
      "kel": "pemedas",
      "no_rt": 6,
      "no_tps": 7,
      "no_hp": "08661944374",
      "ada_dlm_dpt": 0,
      "pilihan_survei": "Caleg 1"
    },
    {
      "id": 13,
      "nama_lengkap": "Lala Halimah",
      "alamat": "Gg. R.E. Martadinata No. 432, Serang 52678, Gorontalo",
      "kec": "Samboja",
      "kel": "pemedas",
      "no_rt": 4,
      "no_tps": 1,
      "no_hp": "(+62)38472110677",
      "ada_dlm_dpt": 1,
      "pilihan_survei": "Caleg 2"
    },
    {
      "id": 14,
      "nama_lengkap": "Raisa Riyanti M.M.",
      "alamat": "Ds. Baranangsiang No. 973, Singkawang 33658, Kalsel",
      "kec": "Samboja",
      "kel": "sanipah",
      "no_rt": 1,
      "no_tps": 1,
      "no_hp": "046890072989",
      "ada_dlm_dpt": 0,
      "pilihan_survei": "Caleg 3"
    },
    {
      "id": 15,
      "nama_lengkap": "Gilang Pradipta",
      "alamat": "Jr. Baranangsiang No. 882, Banjarbaru 68693, Sulbar",
      "kec": "Samboja",
      "kel": "pemedas",
      "no_rt": 9,
      "no_tps": 4,
      "no_hp": "(+62)87835809109",
      "ada_dlm_dpt": 1,
      "pilihan_survei": "Caleg 1"
    },
    {
      "id": 16,
      "nama_lengkap": "Jagapati Ramadan",
      "alamat": "Kpg. Agus Salim No. 841, Sungai Penuh 89758, Sulsel",
      "kec": "Samboja",
      "kel": "sanipah",
      "no_rt": 1,
      "no_tps": 2,
      "no_hp": "0277585180",
      "ada_dlm_dpt": 1,
      "pilihan_survei": "Caleg 3"
    },
    {
      "id": 17,
      "nama_lengkap": "Ibrani Megantara S.Farm",
      "alamat": "Jr. Jend. A. Yani No. 726, Langsa 82740, Kaltim",
      "kec": "Samboja",
      "kel": "pemedas",
      "no_rt": 2,
      "no_tps": 6,
      "no_hp": "(+62)86220748002",
      "ada_dlm_dpt": 1,
      "pilihan_survei": "Caleg 1"
    },
    {
      "id": 18,
      "nama_lengkap": "Gilda Jessica Usamah",
      "alamat": "Jln. Baabur Royan No. 853, Depok 50707, Jambi",
      "kec": "Samboja",
      "kel": "sanipah",
      "no_rt": 7,
      "no_tps": 4,
      "no_hp": "051386147618",
      "ada_dlm_dpt": 1,
      "pilihan_survei": "Caleg 3"
    },
    {
      "id": 19,
      "nama_lengkap": "Wage Winarno",
      "alamat": "Ds. M.T. Haryono No. 103, Sukabumi 13023, Sumbar",
      "kec": "Samboja",
      "kel": "sanipah",
      "no_rt": 6,
      "no_tps": 7,
      "no_hp": "06209527947",
      "ada_dlm_dpt": 0,
      "pilihan_survei": "Caleg 2"
    },
    {
      "id": 20,
      "nama_lengkap": "Bakda Hutagalung",
      "alamat": "Kpg. Kebangkitan Nasional No. 533, Malang 36903, Sumsel",
      "kec": "Samboja",
      "kel": "kuala samboja",
      "no_rt": 7,
      "no_tps": 5,
      "no_hp": "070895462156",
      "ada_dlm_dpt": 1,
      "pilihan_survei": "Caleg 2"
    },
    {
      "id": 21,
      "nama_lengkap": "Icha Oliva Yuniar S.Sos",
      "alamat": "Ds. Basoka No. 363, Bontang 44513, Sulbar",
      "kec": "Samboja",
      "kel": "sanipah",
      "no_rt": 9,
      "no_tps": 3,
      "no_hp": "0869259828",
      "ada_dlm_dpt": 0,
      "pilihan_survei": "Caleg 1"
    },
    {
      "id": 22,
      "nama_lengkap": "Usyi Uyainah",
      "alamat": "Jr. Ters. Pasir Koja No. 847, Medan 64407, Aceh",
      "kec": "Samboja",
      "kel": "kuala samboja",
      "no_rt": 4,
      "no_tps": 3,
      "no_hp": "0887001186",
      "ada_dlm_dpt": 1,
      "pilihan_survei": "Caleg 2"
    },
    {
      "id": 23,
      "nama_lengkap": "Hartana Ibrani Hardiansyah",
      "alamat": "Jr. Bagas Pati No. 554, Bitung 71240, DIY",
      "kec": "Samboja",
      "kel": "pemedas",
      "no_rt": 4,
      "no_tps": 4,
      "no_hp": "(+62)8827977324",
      "ada_dlm_dpt": 1,
      "pilihan_survei": "Caleg 1"
    },
    {
      "id": 24,
      "nama_lengkap": "Taswir Nainggolan",
      "alamat": "Dk. Samanhudi No. 630, Pasuruan 74239, Kalteng",
      "kec": "Samboja",
      "kel": "pemedas",
      "no_rt": 9,
      "no_tps": 8,
      "no_hp": "056265987017",
      "ada_dlm_dpt": 1,
      "pilihan_survei": "Caleg 2"
    },
    {
      "id": 25,
      "nama_lengkap": "Wira Atma Rajata M.Kom.",
      "alamat": "Dk. Moch. Ramdan No. 634, Banjarbaru 97134, Aceh",
      "kec": "Samboja",
      "kel": "kuala samboja",
      "no_rt": 7,
      "no_tps": 5,
      "no_hp": "0258975670",
      "ada_dlm_dpt": 0,
      "pilihan_survei": "Caleg 2"
    },
    {
      "id": 26,
      "nama_lengkap": "Ganjaran Thamrin",
      "alamat": "Jr. Sugiyopranoto No. 972, Denpasar 70146, Banten",
      "kec": "Samboja",
      "kel": "sanipah",
      "no_rt": 8,
      "no_tps": 1,
      "no_hp": "02113525241",
      "ada_dlm_dpt": 0,
      "pilihan_survei": "Caleg 3"
    },
    {
      "id": 27,
      "nama_lengkap": "Adikara Slamet Thamrin",
      "alamat": "Ki. Cemara No. 806, Samarinda 36248, Sumbar",
      "kec": "Samboja",
      "kel": "sanipah",
      "no_rt": 6,
      "no_tps": 2,
      "no_hp": "(+62)60790483620",
      "ada_dlm_dpt": 0,
      "pilihan_survei": "Caleg 2"
    },
    {
      "id": 28,
      "nama_lengkap": "Jelita Wulan Fujiati S.Gz",
      "alamat": "Jln. Gotong Royong No. 915, Bengkulu 47151, Bali",
      "kec": "Samboja",
      "kel": "kuala samboja",
      "no_rt": 9,
      "no_tps": 2,
      "no_hp": "(+62)299738777",
      "ada_dlm_dpt": 1,
      "pilihan_survei": "Caleg 3"
    },
    {
      "id": 29,
      "nama_lengkap": "Wirda Umi Riyanti",
      "alamat": "Psr. Bara No. 808, Bogor 40078, Papua",
      "kec": "Samboja",
      "kel": "pemedas",
      "no_rt": 6,
      "no_tps": 3,
      "no_hp": "(+62)5306028346",
      "ada_dlm_dpt": 0,
      "pilihan_survei": "Caleg 1"
    },
    {
      "id": 30,
      "nama_lengkap": "Aswani Imam Sinaga",
      "alamat": "Ds. Tangkuban Perahu No. 381, Mataram 59964, Kalbar",
      "kec": "Samboja",
      "kel": "pemedas",
      "no_rt": 5,
      "no_tps": 7,
      "no_hp": "08709145689",
      "ada_dlm_dpt": 1,
      "pilihan_survei": "Caleg 2"
    },
    {
      "id": 31,
      "nama_lengkap": "Salman Pardi Adriansyah M.Kom.",
      "alamat": "Jln. Nakula No. 94, Palembang 35808, Jambi",
      "kec": "Samboja",
      "kel": "kuala samboja",
      "no_rt": 6,
      "no_tps": 6,
      "no_hp": "07235348119",
      "ada_dlm_dpt": 0,
      "pilihan_survei": "Caleg 3"
    },
    {
      "id": 32,
      "nama_lengkap": "Surya Wijaya S.Ked",
      "alamat": "Ds. R.M. Said No. 897, Padang 88314, Sumut",
      "kec": "Samboja",
      "kel": "sanipah",
      "no_rt": 5,
      "no_tps": 5,
      "no_hp": "(+62)25546846222",
      "ada_dlm_dpt": 0,
      "pilihan_survei": "Caleg 3"
    },
    {
      "id": 33,
      "nama_lengkap": "Kasim Nyoman Wacana S.Pd",
      "alamat": "Kpg. Eka No. 724, Tasikmalaya 55415, NTT",
      "kec": "Samboja",
      "kel": "kuala samboja",
      "no_rt": 2,
      "no_tps": 6,
      "no_hp": "071028305644",
      "ada_dlm_dpt": 0,
      "pilihan_survei": "Caleg 2"
    },
    {
      "id": 34,
      "nama_lengkap": "Harja Budiyanto",
      "alamat": "Dk. Gegerkalong Hilir No. 964, Mataram 32169, Pabar",
      "kec": "Samboja",
      "kel": "kuala samboja",
      "no_rt": 7,
      "no_tps": 4,
      "no_hp": "(+62)94618758781",
      "ada_dlm_dpt": 0,
      "pilihan_survei": "Caleg 1"
    },
    {
      "id": 35,
      "nama_lengkap": "Muni Nainggolan",
      "alamat": "Jr. Lumban Tobing No. 117, Parepare 65981, Sulsel",
      "kec": "Samboja",
      "kel": "kuala samboja",
      "no_rt": 8,
      "no_tps": 5,
      "no_hp": "(+62)2561037647",
      "ada_dlm_dpt": 0,
      "pilihan_survei": "Caleg 3"
    },
    {
      "id": 36,
      "nama_lengkap": "Ade Lazuardi",
      "alamat": "Ki. Batako No. 404, Mataram 54198, Riau",
      "kec": "Samboja",
      "kel": "sanipah",
      "no_rt": 8,
      "no_tps": 2,
      "no_hp": "(+62)71381402648",
      "ada_dlm_dpt": 0,
      "pilihan_survei": "Caleg 3"
    },
    {
      "id": 37,
      "nama_lengkap": "Nyoman Teddy Lazuardi",
      "alamat": "Psr. Adisumarmo No. 359, Metro 80779, Sulbar",
      "kec": "Samboja",
      "kel": "sanipah",
      "no_rt": 6,
      "no_tps": 3,
      "no_hp": "(+62)87258548365",
      "ada_dlm_dpt": 1,
      "pilihan_survei": "Caleg 2"
    },
    {
      "id": 38,
      "nama_lengkap": "Leo Marpaung M.Farm",
      "alamat": "Gg. Urip Sumoharjo No. 731, Batam 62131, Pabar",
      "kec": "Samboja",
      "kel": "kuala samboja",
      "no_rt": 6,
      "no_tps": 1,
      "no_hp": "0206208572",
      "ada_dlm_dpt": 0,
      "pilihan_survei": "Caleg 3"
    },
    {
      "id": 39,
      "nama_lengkap": "Kairav Mustofa",
      "alamat": "Kpg. Sumpah Pemuda No. 976, Tangerang 30092, Kalteng",
      "kec": "Samboja",
      "kel": "pemedas",
      "no_rt": 3,
      "no_tps": 3,
      "no_hp": "(+62)61345953551",
      "ada_dlm_dpt": 1,
      "pilihan_survei": "Caleg 3"
    },
    {
      "id": 40,
      "nama_lengkap": "Arta Lurhur Situmorang",
      "alamat": "Kpg. Abdullah No. 98, Palembang 79922, Sultra",
      "kec": "Samboja",
      "kel": "kuala samboja",
      "no_rt": 6,
      "no_tps": 4,
      "no_hp": "(+62)89604600444",
      "ada_dlm_dpt": 1,
      "pilihan_survei": "Caleg 3"
    },
    {
      "id": 41,
      "nama_lengkap": "Jagapati Gaduh Damanik",
      "alamat": "Ds. Abdul No. 82, Binjai 38006, Kalteng",
      "kec": "Samboja",
      "kel": "sanipah",
      "no_rt": 1,
      "no_tps": 6,
      "no_hp": "(+62)93982605047",
      "ada_dlm_dpt": 1,
      "pilihan_survei": "Caleg 1"
    },
    {
      "id": 42,
      "nama_lengkap": "Baktiadi Saadat Pratama",
      "alamat": "Jr. Moch. Toha No. 495, Denpasar 39728, Jabar",
      "kec": "Samboja",
      "kel": "kuala samboja",
      "no_rt": 7,
      "no_tps": 2,
      "no_hp": "086723309533",
      "ada_dlm_dpt": 0,
      "pilihan_survei": "Caleg 1"
    },
    {
      "id": 43,
      "nama_lengkap": "Luhung Prayoga S.E.",
      "alamat": "Dk. Ikan No. 323, Padang 24640, Jatim",
      "kec": "Samboja",
      "kel": "kuala samboja",
      "no_rt": 8,
      "no_tps": 3,
      "no_hp": "(+62)63874585224",
      "ada_dlm_dpt": 0,
      "pilihan_survei": "Caleg 3"
    },
    {
      "id": 44,
      "nama_lengkap": "Sakti Gunarto",
      "alamat": "Ds. Gedebage Selatan No. 663, Banjar 30009, DIY",
      "kec": "Samboja",
      "kel": "sanipah",
      "no_rt": 8,
      "no_tps": 7,
      "no_hp": "02631526351",
      "ada_dlm_dpt": 1,
      "pilihan_survei": "Caleg 1"
    },
    {
      "id": 45,
      "nama_lengkap": "Wahyu Hutagalung",
      "alamat": "Gg. Dewi Sartika No. 784, Sabang 50348, Bali",
      "kec": "Samboja",
      "kel": "sanipah",
      "no_rt": 7,
      "no_tps": 7,
      "no_hp": "(+62)38826956447",
      "ada_dlm_dpt": 0,
      "pilihan_survei": "Caleg 3"
    },
    {
      "id": 46,
      "nama_lengkap": "Novi Maria Novitasari M.TI.",
      "alamat": "Jln. Bara No. 13, Semarang 62592, Kaltara",
      "kec": "Samboja",
      "kel": "kuala samboja",
      "no_rt": 9,
      "no_tps": 1,
      "no_hp": "076323664218",
      "ada_dlm_dpt": 0,
      "pilihan_survei": "Caleg 2"
    },
    {
      "id": 47,
      "nama_lengkap": "Shakila Suartini",
      "alamat": "Dk. Sutami No. 769, Sawahlunto 37625, Babel",
      "kec": "Samboja",
      "kel": "kuala samboja",
      "no_rt": 7,
      "no_tps": 2,
      "no_hp": "(+62)24141364648",
      "ada_dlm_dpt": 0,
      "pilihan_survei": "Caleg 3"
    },
    {
      "id": 48,
      "nama_lengkap": "Dartono Nashiruddin",
      "alamat": "Psr. Baing No. 972, Cilegon 93317, Babel",
      "kec": "Samboja",
      "kel": "sanipah",
      "no_rt": 9,
      "no_tps": 8,
      "no_hp": "(+62)5171609669",
      "ada_dlm_dpt": 0,
      "pilihan_survei": "Caleg 1"
    },
    {
      "id": 49,
      "nama_lengkap": "Melinda Yuniar",
      "alamat": "Dk. M.T. Haryono No. 80, Administrasi Jakarta Utara 32246, Riau",
      "kec": "Samboja",
      "kel": "kuala samboja",
      "no_rt": 1,
      "no_tps": 6,
      "no_hp": "(+62)36721522074",
      "ada_dlm_dpt": 1,
      "pilihan_survei": "Caleg 1"
    },
    {
      "id": 50,
      "nama_lengkap": "Vanya Usamah",
      "alamat": "Psr. Daan No. 26, Pangkal Pinang 97994, Jabar",
      "kec": "Samboja",
      "kel": "pemedas",
      "no_rt": 8,
      "no_tps": 7,
      "no_hp": "(+62)9859541011",
      "ada_dlm_dpt": 1,
      "pilihan_survei": "Caleg 3"
    },
    {
      "id": 51,
      "nama_lengkap": "Dina Namaga",
      "alamat": "Kpg. Madrasah No. 848, Banjar 20535, Jabar",
      "kec": "Samboja",
      "kel": "pemedas",
      "no_rt": 2,
      "no_tps": 1,
      "no_hp": "02139580809",
      "ada_dlm_dpt": 1,
      "pilihan_survei": "Caleg 2"
    },
    {
      "id": 52,
      "nama_lengkap": "Alika Aryani",
      "alamat": "Ki. Babah No. 634, Metro 54818, Kalteng",
      "kec": "Samboja",
      "kel": "sanipah",
      "no_rt": 2,
      "no_tps": 4,
      "no_hp": "063757395489",
      "ada_dlm_dpt": 0,
      "pilihan_survei": "Caleg 1"
    },
    {
      "id": 53,
      "nama_lengkap": "Rini Andriani",
      "alamat": "Kpg. BKR No. 392, Palu 64590, Sultra",
      "kec": "Samboja",
      "kel": "kuala samboja",
      "no_rt": 9,
      "no_tps": 1,
      "no_hp": "0838231639",
      "ada_dlm_dpt": 0,
      "pilihan_survei": "Caleg 3"
    },
    {
      "id": 54,
      "nama_lengkap": "Ciaobella Paramita Susanti",
      "alamat": "Jr. Ir. H. Juanda No. 760, Pasuruan 48677, NTT",
      "kec": "Samboja",
      "kel": "pemedas",
      "no_rt": 5,
      "no_tps": 8,
      "no_hp": "09570250461",
      "ada_dlm_dpt": 1,
      "pilihan_survei": "Caleg 1"
    },
    {
      "id": 55,
      "nama_lengkap": "Fitriani Nasyidah",
      "alamat": "Kpg. Katamso No. 65, Administrasi Jakarta Utara 32917, Jatim",
      "kec": "Samboja",
      "kel": "pemedas",
      "no_rt": 7,
      "no_tps": 5,
      "no_hp": "(+62)99996537212",
      "ada_dlm_dpt": 0,
      "pilihan_survei": "Caleg 1"
    },
    {
      "id": 56,
      "nama_lengkap": "Carub Wahyudin",
      "alamat": "Ki. Sunaryo No. 813, Semarang 11130, Kalteng",
      "kec": "Samboja",
      "kel": "pemedas",
      "no_rt": 6,
      "no_tps": 7,
      "no_hp": "032183156221",
      "ada_dlm_dpt": 1,
      "pilihan_survei": "Caleg 3"
    },
    {
      "id": 57,
      "nama_lengkap": "Oliva Usamah",
      "alamat": "Kpg. Eka No. 514, Pontianak 18400, Gorontalo",
      "kec": "Samboja",
      "kel": "pemedas",
      "no_rt": 2,
      "no_tps": 2,
      "no_hp": "067750165368",
      "ada_dlm_dpt": 0,
      "pilihan_survei": "Caleg 3"
    },
    {
      "id": 58,
      "nama_lengkap": "Padmi Hartati",
      "alamat": "Ki. Barat No. 81, Cimahi 91543, Aceh",
      "kec": "Samboja",
      "kel": "sanipah",
      "no_rt": 6,
      "no_tps": 5,
      "no_hp": "057957382130",
      "ada_dlm_dpt": 0,
      "pilihan_survei": "Caleg 1"
    },
    {
      "id": 59,
      "nama_lengkap": "Sidiq Prayoga",
      "alamat": "Ds. Salak No. 363, Bandar Lampung 63503, Sumbar",
      "kec": "Samboja",
      "kel": "sanipah",
      "no_rt": 1,
      "no_tps": 4,
      "no_hp": "03331762611",
      "ada_dlm_dpt": 0,
      "pilihan_survei": "Caleg 2"
    },
    {
      "id": 60,
      "nama_lengkap": "Paris Puti Nasyidah S.T.",
      "alamat": "Gg. Baan No. 274, Magelang 73616, Kaltara",
      "kec": "Samboja",
      "kel": "pemedas",
      "no_rt": 5,
      "no_tps": 6,
      "no_hp": "02841917735",
      "ada_dlm_dpt": 0,
      "pilihan_survei": "Caleg 3"
    },
    {
      "id": 61,
      "nama_lengkap": "Wani Zelaya Anggraini S.Ked",
      "alamat": "Dk. Bass No. 884, Bekasi 28308, Jatim",
      "kec": "Samboja",
      "kel": "pemedas",
      "no_rt": 1,
      "no_tps": 8,
      "no_hp": "(+62)8055918247",
      "ada_dlm_dpt": 0,
      "pilihan_survei": "Caleg 2"
    },
    {
      "id": 62,
      "nama_lengkap": "Xanana Ajimin Pradana S.Sos",
      "alamat": "Ds. Monginsidi No. 101, Administrasi Jakarta Utara 45145, Jambi",
      "kec": "Samboja",
      "kel": "sanipah",
      "no_rt": 7,
      "no_tps": 6,
      "no_hp": "(+62)64319985711",
      "ada_dlm_dpt": 0,
      "pilihan_survei": "Caleg 2"
    },
    {
      "id": 63,
      "nama_lengkap": "Hani Utami",
      "alamat": "Ki. Gatot Subroto No. 825, Tasikmalaya 24278, DKI",
      "kec": "Samboja",
      "kel": "sanipah",
      "no_rt": 1,
      "no_tps": 4,
      "no_hp": "(+62)8146414966",
      "ada_dlm_dpt": 0,
      "pilihan_survei": "Caleg 1"
    },
    {
      "id": 64,
      "nama_lengkap": "Restu Andriani M.Ak",
      "alamat": "Psr. Pasirkoja No. 932, Kupang 62622, Sumut",
      "kec": "Samboja",
      "kel": "sanipah",
      "no_rt": 7,
      "no_tps": 3,
      "no_hp": "097168766900",
      "ada_dlm_dpt": 1,
      "pilihan_survei": "Caleg 3"
    },
    {
      "id": 65,
      "nama_lengkap": "Harjo Tasnim Maulana",
      "alamat": "Jln. Madrasah No. 483, Kendari 84690, Pabar",
      "kec": "Samboja",
      "kel": "sanipah",
      "no_rt": 4,
      "no_tps": 7,
      "no_hp": "(+62)28005813238",
      "ada_dlm_dpt": 0,
      "pilihan_survei": "Caleg 3"
    },
    {
      "id": 66,
      "nama_lengkap": "Uli Permata",
      "alamat": "Ds. Bass No. 711, Administrasi Jakarta Timur 57777, Sulbar",
      "kec": "Samboja",
      "kel": "kuala samboja",
      "no_rt": 4,
      "no_tps": 7,
      "no_hp": "0244896066",
      "ada_dlm_dpt": 0,
      "pilihan_survei": "Caleg 1"
    },
    {
      "id": 67,
      "nama_lengkap": "Zalindra Pudjiastuti",
      "alamat": "Jr. Bakin No. 127, Subulussalam 89586, Riau",
      "kec": "Samboja",
      "kel": "sanipah",
      "no_rt": 1,
      "no_tps": 1,
      "no_hp": "(+62)6934423383",
      "ada_dlm_dpt": 0,
      "pilihan_survei": "Caleg 3"
    },
    {
      "id": 68,
      "nama_lengkap": "Hamzah Dagel Kusumo M.TI.",
      "alamat": "Ki. Rajawali Barat No. 247, Binjai 67949, NTT",
      "kec": "Samboja",
      "kel": "sanipah",
      "no_rt": 7,
      "no_tps": 5,
      "no_hp": "039196692860",
      "ada_dlm_dpt": 0,
      "pilihan_survei": "Caleg 1"
    },
    {
      "id": 69,
      "nama_lengkap": "Gawati Safitri",
      "alamat": "Kpg. Bazuka Raya No. 5, Palembang 70753, Pabar",
      "kec": "Samboja",
      "kel": "sanipah",
      "no_rt": 1,
      "no_tps": 7,
      "no_hp": "04144692622",
      "ada_dlm_dpt": 0,
      "pilihan_survei": "Caleg 2"
    },
    {
      "id": 70,
      "nama_lengkap": "Ina Nuraini",
      "alamat": "Dk. Baja No. 337, Bitung 42760, Jabar",
      "kec": "Samboja",
      "kel": "sanipah",
      "no_rt": 2,
      "no_tps": 7,
      "no_hp": "049729345489",
      "ada_dlm_dpt": 1,
      "pilihan_survei": "Caleg 3"
    },
    {
      "id": 71,
      "nama_lengkap": "Agnes Laksita",
      "alamat": "Jr. Sutami No. 357, Gorontalo 81326, Kalsel",
      "kec": "Samboja",
      "kel": "pemedas",
      "no_rt": 8,
      "no_tps": 6,
      "no_hp": "(+62)276552630",
      "ada_dlm_dpt": 0,
      "pilihan_survei": "Caleg 2"
    },
    {
      "id": 72,
      "nama_lengkap": "Catur Najmudin",
      "alamat": "Psr. Jagakarsa No. 476, Payakumbuh 84472, DIY",
      "kec": "Samboja",
      "kel": "kuala samboja",
      "no_rt": 8,
      "no_tps": 2,
      "no_hp": "03948708676",
      "ada_dlm_dpt": 0,
      "pilihan_survei": "Caleg 3"
    },
    {
      "id": 73,
      "nama_lengkap": "Shakila Jamalia Puspita",
      "alamat": "Dk. Moch. Yamin No. 432, Pasuruan 14145, Lampung",
      "kec": "Samboja",
      "kel": "kuala samboja",
      "no_rt": 7,
      "no_tps": 3,
      "no_hp": "(+62)6883315643",
      "ada_dlm_dpt": 0,
      "pilihan_survei": "Caleg 3"
    },
    {
      "id": 74,
      "nama_lengkap": "Muhammad Sitompul",
      "alamat": "Dk. Jagakarsa No. 705, Palembang 43252, Jabar",
      "kec": "Samboja",
      "kel": "pemedas",
      "no_rt": 8,
      "no_tps": 7,
      "no_hp": "(+62)2706774829",
      "ada_dlm_dpt": 0,
      "pilihan_survei": "Caleg 1"
    },
    {
      "id": 75,
      "nama_lengkap": "Ozy Widodo",
      "alamat": "Ds. Jayawijaya No. 567, Mataram 70084, Jambi",
      "kec": "Samboja",
      "kel": "sanipah",
      "no_rt": 6,
      "no_tps": 2,
      "no_hp": "(+62)280017874",
      "ada_dlm_dpt": 1,
      "pilihan_survei": "Caleg 3"
    },
    {
      "id": 76,
      "nama_lengkap": "Nasrullah Utama Hutasoit",
      "alamat": "Ds. Jakarta No. 950, Denpasar 66071, Kaltara",
      "kec": "Samboja",
      "kel": "pemedas",
      "no_rt": 2,
      "no_tps": 4,
      "no_hp": "(+62)8873118010",
      "ada_dlm_dpt": 1,
      "pilihan_survei": "Caleg 3"
    },
    {
      "id": 77,
      "nama_lengkap": "Mujur Darmaji Setiawan S.Farm",
      "alamat": "Psr. Tubagus Ismail No. 699, Banjarbaru 87125, NTT",
      "kec": "Samboja",
      "kel": "sanipah",
      "no_rt": 4,
      "no_tps": 6,
      "no_hp": "(+62)46631951924",
      "ada_dlm_dpt": 1,
      "pilihan_survei": "Caleg 2"
    },
    {
      "id": 78,
      "nama_lengkap": "Shania Wulandari",
      "alamat": "Psr. Soekarno Hatta No. 156, Bau-Bau 86173, Jatim",
      "kec": "Samboja",
      "kel": "pemedas",
      "no_rt": 2,
      "no_tps": 1,
      "no_hp": "07453629810",
      "ada_dlm_dpt": 0,
      "pilihan_survei": "Caleg 2"
    },
    {
      "id": 79,
      "nama_lengkap": "Mila Aryani",
      "alamat": "Psr. Dewi Sartika No. 236, Ternate 61860, Kaltara",
      "kec": "Samboja",
      "kel": "pemedas",
      "no_rt": 4,
      "no_tps": 1,
      "no_hp": "02149006369",
      "ada_dlm_dpt": 0,
      "pilihan_survei": "Caleg 1"
    },
    {
      "id": 80,
      "nama_lengkap": "Gandewa Maryadi",
      "alamat": "Gg. Lada No. 708, Metro 56831, Sulteng",
      "kec": "Samboja",
      "kel": "kuala samboja",
      "no_rt": 7,
      "no_tps": 5,
      "no_hp": "(+62)48162067124",
      "ada_dlm_dpt": 0,
      "pilihan_survei": "Caleg 3"
    },
    {
      "id": 81,
      "nama_lengkap": "Ellis Yuliarti",
      "alamat": "Psr. Fajar No. 488, Administrasi Jakarta Barat 35609, Sumbar",
      "kec": "Samboja",
      "kel": "pemedas",
      "no_rt": 1,
      "no_tps": 1,
      "no_hp": "076185695950",
      "ada_dlm_dpt": 0,
      "pilihan_survei": "Caleg 1"
    },
    {
      "id": 82,
      "nama_lengkap": "Lili Puspasari S.Psi",
      "alamat": "Dk. Sadang Serang No. 786, Parepare 81641, Pabar",
      "kec": "Samboja",
      "kel": "kuala samboja",
      "no_rt": 5,
      "no_tps": 3,
      "no_hp": "(+62)8659286675",
      "ada_dlm_dpt": 0,
      "pilihan_survei": "Caleg 2"
    },
    {
      "id": 83,
      "nama_lengkap": "Keisha Zulaika S.Pd",
      "alamat": "Jr. Monginsidi No. 894, Tual 70300, Jatim",
      "kec": "Samboja",
      "kel": "sanipah",
      "no_rt": 2,
      "no_tps": 8,
      "no_hp": "050912068776",
      "ada_dlm_dpt": 1,
      "pilihan_survei": "Caleg 2"
    },
    {
      "id": 84,
      "nama_lengkap": "Harimurti Rajata",
      "alamat": "Ki. Diponegoro No. 807, Bandar Lampung 26885, Sumsel",
      "kec": "Samboja",
      "kel": "kuala samboja",
      "no_rt": 6,
      "no_tps": 8,
      "no_hp": "(+62)8333526079",
      "ada_dlm_dpt": 0,
      "pilihan_survei": "Caleg 3"
    },
    {
      "id": 85,
      "nama_lengkap": "Elvin Iswahyudi",
      "alamat": "Jr. Cemara No. 776, Palu 32357, Maluku",
      "kec": "Samboja",
      "kel": "pemedas",
      "no_rt": 1,
      "no_tps": 4,
      "no_hp": "(+62)807003970",
      "ada_dlm_dpt": 1,
      "pilihan_survei": "Caleg 3"
    },
    {
      "id": 86,
      "nama_lengkap": "Ayu Hastuti M.Farm",
      "alamat": "Dk. Abdul. Muis No. 937, Pekanbaru 47850, Maluku",
      "kec": "Samboja",
      "kel": "pemedas",
      "no_rt": 1,
      "no_tps": 6,
      "no_hp": "08585639278",
      "ada_dlm_dpt": 0,
      "pilihan_survei": "Caleg 1"
    },
    {
      "id": 87,
      "nama_lengkap": "Kayla Kuswandari",
      "alamat": "Dk. Bakhita No. 349, Medan 92192, Aceh",
      "kec": "Samboja",
      "kel": "sanipah",
      "no_rt": 5,
      "no_tps": 3,
      "no_hp": "(+62)54470739576",
      "ada_dlm_dpt": 1,
      "pilihan_survei": "Caleg 3"
    },
    {
      "id": 88,
      "nama_lengkap": "Patricia Yuliarti",
      "alamat": "Jln. Gotong Royong No. 856, Bandung 35120, NTT",
      "kec": "Samboja",
      "kel": "pemedas",
      "no_rt": 8,
      "no_tps": 4,
      "no_hp": "09259080338",
      "ada_dlm_dpt": 1,
      "pilihan_survei": "Caleg 1"
    },
    {
      "id": 89,
      "nama_lengkap": "Bagya Kamidin Lazuardi S.IP",
      "alamat": "Psr. Qrisdoren No. 621, Pasuruan 84615, Riau",
      "kec": "Samboja",
      "kel": "sanipah",
      "no_rt": 4,
      "no_tps": 3,
      "no_hp": "02947819647",
      "ada_dlm_dpt": 0,
      "pilihan_survei": "Caleg 3"
    },
    {
      "id": 90,
      "nama_lengkap": "Nugraha Adhiarja Prayoga M.TI.",
      "alamat": "Jln. Bah Jaya No. 946, Cilegon 42475, Sulteng",
      "kec": "Samboja",
      "kel": "pemedas",
      "no_rt": 1,
      "no_tps": 8,
      "no_hp": "(+62)6049941616",
      "ada_dlm_dpt": 1,
      "pilihan_survei": "Caleg 3"
    },
    {
      "id": 91,
      "nama_lengkap": "Mulya Carub Mansur S.T.",
      "alamat": "Jr. Bakaru No. 519, Lubuklinggau 41874, Malut",
      "kec": "Samboja",
      "kel": "kuala samboja",
      "no_rt": 6,
      "no_tps": 2,
      "no_hp": "0840445793",
      "ada_dlm_dpt": 0,
      "pilihan_survei": "Caleg 3"
    },
    {
      "id": 92,
      "nama_lengkap": "Cemplunk Jagapati Lazuardi",
      "alamat": "Ki. Padma No. 153, Cilegon 85131, Kaltara",
      "kec": "Samboja",
      "kel": "sanipah",
      "no_rt": 5,
      "no_tps": 4,
      "no_hp": "05070811414",
      "ada_dlm_dpt": 0,
      "pilihan_survei": "Caleg 3"
    },
    {
      "id": 93,
      "nama_lengkap": "Nadine Tira Safitri S.IP",
      "alamat": "Jln. Babadak No. 315, Tangerang Selatan 67159, Kaltara",
      "kec": "Samboja",
      "kel": "kuala samboja",
      "no_rt": 4,
      "no_tps": 1,
      "no_hp": "(+62)69477639708",
      "ada_dlm_dpt": 1,
      "pilihan_survei": "Caleg 3"
    },
    {
      "id": 94,
      "nama_lengkap": "Jamalia Permata",
      "alamat": "Ds. Yosodipuro No. 241, Tomohon 62806, Sumsel",
      "kec": "Samboja",
      "kel": "sanipah",
      "no_rt": 7,
      "no_tps": 4,
      "no_hp": "0828994219",
      "ada_dlm_dpt": 0,
      "pilihan_survei": "Caleg 2"
    },
    {
      "id": 95,
      "nama_lengkap": "Gandi Hutapea S.Pd",
      "alamat": "Ds. Ki Hajar Dewantara No. 843, Palopo 10538, Kalteng",
      "kec": "Samboja",
      "kel": "kuala samboja",
      "no_rt": 3,
      "no_tps": 6,
      "no_hp": "(+62)2310799048",
      "ada_dlm_dpt": 1,
      "pilihan_survei": "Caleg 2"
    },
    {
      "id": 96,
      "nama_lengkap": "Nova Nuraini",
      "alamat": "Ds. Kusmanto No. 796, Depok 41291, Sumbar",
      "kec": "Samboja",
      "kel": "kuala samboja",
      "no_rt": 3,
      "no_tps": 3,
      "no_hp": "(+62)34675498530",
      "ada_dlm_dpt": 0,
      "pilihan_survei": "Caleg 2"
    },
    {
      "id": 97,
      "nama_lengkap": "Nilam Hasna Mardhiyah M.M.",
      "alamat": "Jr. Ir. H. Juanda No. 921, Salatiga 94038, Papua",
      "kec": "Samboja",
      "kel": "kuala samboja",
      "no_rt": 1,
      "no_tps": 1,
      "no_hp": "06539136664",
      "ada_dlm_dpt": 0,
      "pilihan_survei": "Caleg 3"
    },
    {
      "id": 98,
      "nama_lengkap": "Azalea Ade Sudiati M.Pd",
      "alamat": "Gg. Gambang No. 218, Binjai 68304, Kepri",
      "kec": "Samboja",
      "kel": "sanipah",
      "no_rt": 7,
      "no_tps": 7,
      "no_hp": "(+62)897384290",
      "ada_dlm_dpt": 0,
      "pilihan_survei": "Caleg 2"
    },
    {
      "id": 99,
      "nama_lengkap": "Gaduh Budiman",
      "alamat": "Gg. Ciumbuleuit No. 412, Pasuruan 35257, Malut",
      "kec": "Samboja",
      "kel": "kuala samboja",
      "no_rt": 5,
      "no_tps": 2,
      "no_hp": "(+62)2865186173",
      "ada_dlm_dpt": 1,
      "pilihan_survei": "Caleg 2"
    },
    {
      "id": 100,
      "nama_lengkap": "Danuja Kusumo",
      "alamat": "Ki. Setiabudhi No. 313, Pekalongan 87657, NTT",
      "kec": "Samboja",
      "kel": "sanipah",
      "no_rt": 8,
      "no_tps": 5,
      "no_hp": "(+62)2358178290",
      "ada_dlm_dpt": 0,
      "pilihan_survei": "Caleg 3"
    },
    {
      "id": 101,
      "nama_lengkap": "Labuh Cakrabirawa Setiawan S.Pt",
      "alamat": "Ds. Abang No. 70, Denpasar 73226, Sulteng",
      "kec": "Samboja",
      "kel": "kuala samboja",
      "no_rt": 3,
      "no_tps": 5,
      "no_hp": "05820994172",
      "ada_dlm_dpt": 1,
      "pilihan_survei": "Caleg 3"
    },
    {
      "id": 102,
      "nama_lengkap": "Lalita Hartati",
      "alamat": "Psr. Bawal No. 440, Jambi 75038, Kalteng",
      "kec": "Samboja",
      "kel": "kuala samboja",
      "no_rt": 1,
      "no_tps": 3,
      "no_hp": "(+62)22152553354",
      "ada_dlm_dpt": 0,
      "pilihan_survei": "Caleg 3"
    },
    {
      "id": 103,
      "nama_lengkap": "Faizah Gawati Lestari",
      "alamat": "Ki. Flora No. 528, Metro 56301, Sumsel",
      "kec": "Samboja",
      "kel": "sanipah",
      "no_rt": 4,
      "no_tps": 6,
      "no_hp": "07710779153",
      "ada_dlm_dpt": 0,
      "pilihan_survei": "Caleg 2"
    },
    {
      "id": 104,
      "nama_lengkap": "Hamima Hastuti",
      "alamat": "Psr. Eka No. 451, Magelang 41366, Jatim",
      "kec": "Samboja",
      "kel": "sanipah",
      "no_rt": 6,
      "no_tps": 3,
      "no_hp": "075807315355",
      "ada_dlm_dpt": 0,
      "pilihan_survei": "Caleg 3"
    },
    {
      "id": 105,
      "nama_lengkap": "Erik Najmudin S.Gz",
      "alamat": "Ki. Ters. Pasir Koja No. 112, Banjarmasin 37436, Babel",
      "kec": "Samboja",
      "kel": "pemedas",
      "no_rt": 2,
      "no_tps": 4,
      "no_hp": "090746734832",
      "ada_dlm_dpt": 1,
      "pilihan_survei": "Caleg 1"
    },
    {
      "id": 106,
      "nama_lengkap": "Rahmi Hani Oktaviani S.IP",
      "alamat": "Ds. Kalimalang No. 821, Gorontalo 23470, Kalbar",
      "kec": "Samboja",
      "kel": "pemedas",
      "no_rt": 9,
      "no_tps": 2,
      "no_hp": "(+62)2067389926",
      "ada_dlm_dpt": 0,
      "pilihan_survei": "Caleg 2"
    },
    {
      "id": 107,
      "nama_lengkap": "Winda Hariyah",
      "alamat": "Psr. B.Agam Dlm No. 793, Tanjung Pinang 94508, Maluku",
      "kec": "Samboja",
      "kel": "sanipah",
      "no_rt": 9,
      "no_tps": 1,
      "no_hp": "(+62)89284776536",
      "ada_dlm_dpt": 1,
      "pilihan_survei": "Caleg 3"
    },
    {
      "id": 108,
      "nama_lengkap": "Hasim Iswahyudi",
      "alamat": "Ki. Yohanes No. 40, Palembang 54863, Kaltara",
      "kec": "Samboja",
      "kel": "kuala samboja",
      "no_rt": 1,
      "no_tps": 2,
      "no_hp": "059784395480",
      "ada_dlm_dpt": 1,
      "pilihan_survei": "Caleg 3"
    },
    {
      "id": 109,
      "nama_lengkap": "Jarwa Hutagalung",
      "alamat": "Ds. Sukajadi No. 776, Bandar Lampung 40984, Jabar",
      "kec": "Samboja",
      "kel": "sanipah",
      "no_rt": 8,
      "no_tps": 4,
      "no_hp": "(+62)6938016369",
      "ada_dlm_dpt": 1,
      "pilihan_survei": "Caleg 3"
    },
    {
      "id": 110,
      "nama_lengkap": "Wirda Melani",
      "alamat": "Psr. Baya Kali Bungur No. 511, Madiun 52907, Sumsel",
      "kec": "Samboja",
      "kel": "pemedas",
      "no_rt": 3,
      "no_tps": 6,
      "no_hp": "025578290324",
      "ada_dlm_dpt": 0,
      "pilihan_survei": "Caleg 1"
    },
    {
      "id": 111,
      "nama_lengkap": "Rama Prabowo S.H.",
      "alamat": "Ki. Ujung No. 798, Bandung 53085, DIY",
      "kec": "Samboja",
      "kel": "pemedas",
      "no_rt": 4,
      "no_tps": 8,
      "no_hp": "(+62)72459780291",
      "ada_dlm_dpt": 1,
      "pilihan_survei": "Caleg 3"
    },
    {
      "id": 112,
      "nama_lengkap": "Michelle Kusmawati S.Sos",
      "alamat": "Jr. Banceng Pondok No. 765, Tebing Tinggi 10701, Babel",
      "kec": "Samboja",
      "kel": "sanipah",
      "no_rt": 1,
      "no_tps": 4,
      "no_hp": "(+62)885142475",
      "ada_dlm_dpt": 0,
      "pilihan_survei": "Caleg 3"
    },
    {
      "id": 113,
      "nama_lengkap": "Kani Suartini",
      "alamat": "Dk. K.H. Wahid Hasyim (Kopo) No. 515, Payakumbuh 21059, Jambi",
      "kec": "Samboja",
      "kel": "kuala samboja",
      "no_rt": 4,
      "no_tps": 1,
      "no_hp": "(+62)59195573414",
      "ada_dlm_dpt": 1,
      "pilihan_survei": "Caleg 3"
    },
    {
      "id": 114,
      "nama_lengkap": "Eli Nasyidah M.M.",
      "alamat": "Jr. Baing No. 87, Kendari 90425, Kepri",
      "kec": "Samboja",
      "kel": "sanipah",
      "no_rt": 3,
      "no_tps": 1,
      "no_hp": "(+62)2031303398",
      "ada_dlm_dpt": 1,
      "pilihan_survei": "Caleg 3"
    },
    {
      "id": 115,
      "nama_lengkap": "Siti Maria Mulyani",
      "alamat": "Dk. Baranangsiang No. 221, Sorong 25162, Kalbar",
      "kec": "Samboja",
      "kel": "sanipah",
      "no_rt": 3,
      "no_tps": 4,
      "no_hp": "(+62)20066799945",
      "ada_dlm_dpt": 1,
      "pilihan_survei": "Caleg 3"
    },
    {
      "id": 116,
      "nama_lengkap": "Fitriani Pertiwi",
      "alamat": "Gg. BKR No. 17, Padang 78791, Kalbar",
      "kec": "Samboja",
      "kel": "kuala samboja",
      "no_rt": 6,
      "no_tps": 2,
      "no_hp": "(+62)76500386454",
      "ada_dlm_dpt": 0,
      "pilihan_survei": "Caleg 2"
    },
    {
      "id": 117,
      "nama_lengkap": "Cornelia Maya Purwanti S.Kom",
      "alamat": "Kpg. Tentara Pelajar No. 492, Banda Aceh 88958, Sulbar",
      "kec": "Samboja",
      "kel": "sanipah",
      "no_rt": 2,
      "no_tps": 7,
      "no_hp": "(+62)4801304399",
      "ada_dlm_dpt": 0,
      "pilihan_survei": "Caleg 2"
    },
    {
      "id": 118,
      "nama_lengkap": "Ade Jarwadi Tarihoran S.Gz",
      "alamat": "Psr. Cikapayang No. 493, Singkawang 54586, Kalsel",
      "kec": "Samboja",
      "kel": "pemedas",
      "no_rt": 5,
      "no_tps": 8,
      "no_hp": "071341896247",
      "ada_dlm_dpt": 0,
      "pilihan_survei": "Caleg 2"
    },
    {
      "id": 119,
      "nama_lengkap": "Limar Zulkarnain S.Pd",
      "alamat": "Jr. Camar No. 284, Batam 81795, Sulbar",
      "kec": "Samboja",
      "kel": "kuala samboja",
      "no_rt": 5,
      "no_tps": 3,
      "no_hp": "029107529854",
      "ada_dlm_dpt": 0,
      "pilihan_survei": "Caleg 1"
    },
    {
      "id": 120,
      "nama_lengkap": "Titin Irma Nasyidah",
      "alamat": "Dk. Hang No. 171, Bengkulu 14950, Kaltim",
      "kec": "Samboja",
      "kel": "pemedas",
      "no_rt": 1,
      "no_tps": 3,
      "no_hp": "0804720988",
      "ada_dlm_dpt": 0,
      "pilihan_survei": "Caleg 3"
    },
    {
      "id": 121,
      "nama_lengkap": "Adiarja Cakrajiya Mahendra",
      "alamat": "Jln. Yogyakarta No. 355, Banjarbaru 79160, Sumbar",
      "kec": "Samboja",
      "kel": "kuala samboja",
      "no_rt": 1,
      "no_tps": 2,
      "no_hp": "(+62)4581328016",
      "ada_dlm_dpt": 1,
      "pilihan_survei": "Caleg 2"
    },
    {
      "id": 122,
      "nama_lengkap": "Hilda Mulyani",
      "alamat": "Jr. Sukabumi No. 860, Makassar 80290, Sulut",
      "kec": "Samboja",
      "kel": "pemedas",
      "no_rt": 8,
      "no_tps": 6,
      "no_hp": "09809897291",
      "ada_dlm_dpt": 0,
      "pilihan_survei": "Caleg 3"
    },
    {
      "id": 123,
      "nama_lengkap": "Mustika Tarihoran",
      "alamat": "Jr. Sudiarto No. 551, Medan 49876, Bali",
      "kec": "Samboja",
      "kel": "sanipah",
      "no_rt": 9,
      "no_tps": 7,
      "no_hp": "(+62)2179553406",
      "ada_dlm_dpt": 1,
      "pilihan_survei": "Caleg 3"
    },
    {
      "id": 124,
      "nama_lengkap": "Cakrawangsa Salahudin",
      "alamat": "Ds. Labu No. 728, Cimahi 87328, Malut",
      "kec": "Samboja",
      "kel": "sanipah",
      "no_rt": 9,
      "no_tps": 1,
      "no_hp": "(+62)8290894512",
      "ada_dlm_dpt": 0,
      "pilihan_survei": "Caleg 1"
    },
    {
      "id": 125,
      "nama_lengkap": "Taufik Bakda Sitorus",
      "alamat": "Jr. Baabur Royan No. 946, Pagar Alam 60828, Malut",
      "kec": "Samboja",
      "kel": "pemedas",
      "no_rt": 1,
      "no_tps": 8,
      "no_hp": "(+62)9169034467",
      "ada_dlm_dpt": 0,
      "pilihan_survei": "Caleg 2"
    },
    {
      "id": 126,
      "nama_lengkap": "Harjaya Pradipta M.Ak",
      "alamat": "Jr. Supomo No. 371, Tebing Tinggi 39178, Kepri",
      "kec": "Samboja",
      "kel": "kuala samboja",
      "no_rt": 1,
      "no_tps": 5,
      "no_hp": "(+62)9985068935",
      "ada_dlm_dpt": 0,
      "pilihan_survei": "Caleg 3"
    },
    {
      "id": 127,
      "nama_lengkap": "Rahayu Agustina",
      "alamat": "Jln. Baabur Royan No. 165, Tarakan 20677, Sulut",
      "kec": "Samboja",
      "kel": "pemedas",
      "no_rt": 3,
      "no_tps": 6,
      "no_hp": "(+62)249613521",
      "ada_dlm_dpt": 1,
      "pilihan_survei": "Caleg 2"
    },
    {
      "id": 128,
      "nama_lengkap": "Harsana Marpaung S.E.",
      "alamat": "Ki. Setia Budi No. 334, Pematangsiantar 72181, Jabar",
      "kec": "Samboja",
      "kel": "pemedas",
      "no_rt": 6,
      "no_tps": 2,
      "no_hp": "(+62)298377178",
      "ada_dlm_dpt": 0,
      "pilihan_survei": "Caleg 1"
    },
    {
      "id": 129,
      "nama_lengkap": "Zelaya Purwanti",
      "alamat": "Gg. Moch. Ramdan No. 295, Jayapura 90681, Pabar",
      "kec": "Samboja",
      "kel": "pemedas",
      "no_rt": 2,
      "no_tps": 4,
      "no_hp": "043233364165",
      "ada_dlm_dpt": 0,
      "pilihan_survei": "Caleg 2"
    },
    {
      "id": 130,
      "nama_lengkap": "Hamima Wahyuni S.E.I",
      "alamat": "Dk. Supono No. 278, Sibolga 10118, Papua",
      "kec": "Samboja",
      "kel": "pemedas",
      "no_rt": 3,
      "no_tps": 3,
      "no_hp": "(+62)851782219",
      "ada_dlm_dpt": 1,
      "pilihan_survei": "Caleg 2"
    },
    {
      "id": 131,
      "nama_lengkap": "Yance Usada",
      "alamat": "Ki. Sukajadi No. 814, Yogyakarta 37808, Sulteng",
      "kec": "Samboja",
      "kel": "sanipah",
      "no_rt": 1,
      "no_tps": 7,
      "no_hp": "(+62)2817490114",
      "ada_dlm_dpt": 1,
      "pilihan_survei": "Caleg 1"
    },
    {
      "id": 132,
      "nama_lengkap": "Niyaga Pangestu",
      "alamat": "Kpg. Pelajar Pejuang 45 No. 845, Administrasi Jakarta Pusat 15377, Banten",
      "kec": "Samboja",
      "kel": "pemedas",
      "no_rt": 6,
      "no_tps": 4,
      "no_hp": "05924098681",
      "ada_dlm_dpt": 1,
      "pilihan_survei": "Caleg 1"
    },
    {
      "id": 133,
      "nama_lengkap": "Kiandra Oktaviani",
      "alamat": "Jln. Basudewo No. 533, Kendari 11113, Sumsel",
      "kec": "Samboja",
      "kel": "pemedas",
      "no_rt": 7,
      "no_tps": 4,
      "no_hp": "05843852058",
      "ada_dlm_dpt": 0,
      "pilihan_survei": "Caleg 1"
    },
    {
      "id": 134,
      "nama_lengkap": "Luis Pradipta",
      "alamat": "Dk. Baranang Siang Indah No. 40, Tasikmalaya 25783, Jatim",
      "kec": "Samboja",
      "kel": "pemedas",
      "no_rt": 8,
      "no_tps": 5,
      "no_hp": "(+62)99392898291",
      "ada_dlm_dpt": 1,
      "pilihan_survei": "Caleg 3"
    },
    {
      "id": 135,
      "nama_lengkap": "Hana Utami",
      "alamat": "Ds. Sugiono No. 902, Padangsidempuan 48353, Jatim",
      "kec": "Samboja",
      "kel": "sanipah",
      "no_rt": 5,
      "no_tps": 1,
      "no_hp": "(+62)8983205434",
      "ada_dlm_dpt": 1,
      "pilihan_survei": "Caleg 2"
    },
    {
      "id": 136,
      "nama_lengkap": "Sakura Rahimah",
      "alamat": "Jln. Banal No. 468, Kupang 53475, Kaltim",
      "kec": "Samboja",
      "kel": "sanipah",
      "no_rt": 6,
      "no_tps": 5,
      "no_hp": "(+62)5062826382",
      "ada_dlm_dpt": 0,
      "pilihan_survei": "Caleg 2"
    },
    {
      "id": 137,
      "nama_lengkap": "Raina Kani Halimah S.IP",
      "alamat": "Ki. Bayam No. 903, Pasuruan 23851, Kalteng",
      "kec": "Samboja",
      "kel": "kuala samboja",
      "no_rt": 3,
      "no_tps": 6,
      "no_hp": "02285544183",
      "ada_dlm_dpt": 0,
      "pilihan_survei": "Caleg 3"
    },
    {
      "id": 138,
      "nama_lengkap": "Yessi Novitasari",
      "alamat": "Ds. B.Agam 1 No. 130, Banjar 33177, NTT",
      "kec": "Samboja",
      "kel": "kuala samboja",
      "no_rt": 9,
      "no_tps": 8,
      "no_hp": "07654348478",
      "ada_dlm_dpt": 1,
      "pilihan_survei": "Caleg 2"
    },
    {
      "id": 139,
      "nama_lengkap": "Ani Syahrini Maryati S.Pd",
      "alamat": "Ds. Suryo Pranoto No. 737, Pekalongan 16403, Kalsel",
      "kec": "Samboja",
      "kel": "pemedas",
      "no_rt": 1,
      "no_tps": 5,
      "no_hp": "0261072993",
      "ada_dlm_dpt": 1,
      "pilihan_survei": "Caleg 1"
    },
    {
      "id": 140,
      "nama_lengkap": "Martaka Prabu Mustofa",
      "alamat": "Kpg. Camar No. 208, Administrasi Jakarta Barat 52085, Sulbar",
      "kec": "Samboja",
      "kel": "sanipah",
      "no_rt": 2,
      "no_tps": 8,
      "no_hp": "027775120832",
      "ada_dlm_dpt": 1,
      "pilihan_survei": "Caleg 3"
    },
    {
      "id": 141,
      "nama_lengkap": "Genta Yuniar",
      "alamat": "Ds. Muwardi No. 101, Bogor 78341, Kaltara",
      "kec": "Samboja",
      "kel": "pemedas",
      "no_rt": 2,
      "no_tps": 8,
      "no_hp": "028916913260",
      "ada_dlm_dpt": 0,
      "pilihan_survei": "Caleg 2"
    },
    {
      "id": 142,
      "nama_lengkap": "Dono Emong Anggriawan S.Pt",
      "alamat": "Ki. Gatot Subroto No. 229, Bima 24929, Kalteng",
      "kec": "Samboja",
      "kel": "pemedas",
      "no_rt": 2,
      "no_tps": 1,
      "no_hp": "05495095427",
      "ada_dlm_dpt": 1,
      "pilihan_survei": "Caleg 3"
    },
    {
      "id": 143,
      "nama_lengkap": "Cakrabirawa Santoso",
      "alamat": "Jln. Suharso No. 681, Lhokseumawe 84295, Jambi",
      "kec": "Samboja",
      "kel": "pemedas",
      "no_rt": 1,
      "no_tps": 2,
      "no_hp": "07780209764",
      "ada_dlm_dpt": 1,
      "pilihan_survei": "Caleg 2"
    },
    {
      "id": 144,
      "nama_lengkap": "Warsita Narpati S.Pt",
      "alamat": "Jln. Bakit  No. 372, Lhokseumawe 53218, Sultra",
      "kec": "Samboja",
      "kel": "kuala samboja",
      "no_rt": 1,
      "no_tps": 8,
      "no_hp": "(+62)51714904766",
      "ada_dlm_dpt": 1,
      "pilihan_survei": "Caleg 1"
    },
    {
      "id": 145,
      "nama_lengkap": "Bahuwarna Mahendra",
      "alamat": "Psr. Gegerkalong Hilir No. 648, Bengkulu 48774, Sumbar",
      "kec": "Samboja",
      "kel": "sanipah",
      "no_rt": 3,
      "no_tps": 6,
      "no_hp": "(+62)67368636859",
      "ada_dlm_dpt": 1,
      "pilihan_survei": "Caleg 3"
    },
    {
      "id": 146,
      "nama_lengkap": "Asirwanda Kuswoyo",
      "alamat": "Gg. Moch. Toha No. 47, Kotamobagu 24788, Lampung",
      "kec": "Samboja",
      "kel": "pemedas",
      "no_rt": 1,
      "no_tps": 1,
      "no_hp": "02283128978",
      "ada_dlm_dpt": 0,
      "pilihan_survei": "Caleg 2"
    },
    {
      "id": 147,
      "nama_lengkap": "Rahman Saputra",
      "alamat": "Kpg. Yos Sudarso No. 10, Metro 55407, Gorontalo",
      "kec": "Samboja",
      "kel": "kuala samboja",
      "no_rt": 6,
      "no_tps": 3,
      "no_hp": "(+62)6580888397",
      "ada_dlm_dpt": 1,
      "pilihan_survei": "Caleg 3"
    },
    {
      "id": 148,
      "nama_lengkap": "Ami Permata",
      "alamat": "Ki. Eka No. 9, Sukabumi 31403, Sumsel",
      "kec": "Samboja",
      "kel": "kuala samboja",
      "no_rt": 8,
      "no_tps": 7,
      "no_hp": "0832361008",
      "ada_dlm_dpt": 0,
      "pilihan_survei": "Caleg 3"
    },
    {
      "id": 149,
      "nama_lengkap": "Olivia Zelaya Zulaika",
      "alamat": "Kpg. Bakin No. 368, Bekasi 94627, NTT",
      "kec": "Samboja",
      "kel": "kuala samboja",
      "no_rt": 5,
      "no_tps": 5,
      "no_hp": "08665232157",
      "ada_dlm_dpt": 1,
      "pilihan_survei": "Caleg 1"
    },
    {
      "id": 150,
      "nama_lengkap": "Tania Clara Rahayu S.Pd",
      "alamat": "Dk. Bakau No. 131, Singkawang 41456, Jambi",
      "kec": "Samboja",
      "kel": "kuala samboja",
      "no_rt": 1,
      "no_tps": 2,
      "no_hp": "073359329071",
      "ada_dlm_dpt": 1,
      "pilihan_survei": "Caleg 3"
    },
    {
      "id": 151,
      "nama_lengkap": "Azalea Ratna Mulyani S.Kom",
      "alamat": "Psr. Baik No. 324, Kotamobagu 13324, Malut",
      "kec": "Samboja",
      "kel": "sanipah",
      "no_rt": 1,
      "no_tps": 8,
      "no_hp": "033686803745",
      "ada_dlm_dpt": 1,
      "pilihan_survei": "Caleg 2"
    },
    {
      "id": 152,
      "nama_lengkap": "Najam Mahendra S.Sos",
      "alamat": "Dk. Gardujati No. 527, Palu 40360, DIY",
      "kec": "Samboja",
      "kel": "kuala samboja",
      "no_rt": 6,
      "no_tps": 8,
      "no_hp": "(+62)2507523464",
      "ada_dlm_dpt": 1,
      "pilihan_survei": "Caleg 3"
    },
    {
      "id": 153,
      "nama_lengkap": "Kayla Hastuti",
      "alamat": "Jr. Yohanes No. 141, Administrasi Jakarta Timur 35256, Pabar",
      "kec": "Samboja",
      "kel": "pemedas",
      "no_rt": 9,
      "no_tps": 1,
      "no_hp": "07327895398",
      "ada_dlm_dpt": 1,
      "pilihan_survei": "Caleg 2"
    },
    {
      "id": 154,
      "nama_lengkap": "Maryadi Adikara Megantara M.M.",
      "alamat": "Ki. Pacuan Kuda No. 698, Administrasi Jakarta Barat 33372, Sulsel",
      "kec": "Samboja",
      "kel": "kuala samboja",
      "no_rt": 6,
      "no_tps": 8,
      "no_hp": "08387494694",
      "ada_dlm_dpt": 0,
      "pilihan_survei": "Caleg 2"
    },
    {
      "id": 155,
      "nama_lengkap": "Ira Purwanti",
      "alamat": "Dk. Supono No. 424, Banjar 99603, Babel",
      "kec": "Samboja",
      "kel": "kuala samboja",
      "no_rt": 8,
      "no_tps": 6,
      "no_hp": "(+62)96780375232",
      "ada_dlm_dpt": 0,
      "pilihan_survei": "Caleg 3"
    },
    {
      "id": 156,
      "nama_lengkap": "Shakila Tari Yolanda",
      "alamat": "Jr. Dr. Junjunan No. 963, Gunungsitoli 62827, Sulsel",
      "kec": "Samboja",
      "kel": "sanipah",
      "no_rt": 5,
      "no_tps": 5,
      "no_hp": "(+62)94361308143",
      "ada_dlm_dpt": 1,
      "pilihan_survei": "Caleg 1"
    },
    {
      "id": 157,
      "nama_lengkap": "Oskar Jaga Nugroho",
      "alamat": "Gg. Industri No. 158, Prabumulih 38319, Kalsel",
      "kec": "Samboja",
      "kel": "pemedas",
      "no_rt": 7,
      "no_tps": 2,
      "no_hp": "(+62)892520592",
      "ada_dlm_dpt": 1,
      "pilihan_survei": "Caleg 3"
    },
    {
      "id": 158,
      "nama_lengkap": "Iriana Aisyah Yuliarti",
      "alamat": "Jr. M.T. Haryono No. 306, Pontianak 76830, Kepri",
      "kec": "Samboja",
      "kel": "sanipah",
      "no_rt": 9,
      "no_tps": 4,
      "no_hp": "02423002467",
      "ada_dlm_dpt": 1,
      "pilihan_survei": "Caleg 3"
    },
    {
      "id": 159,
      "nama_lengkap": "Jasmin Anggraini S.Pt",
      "alamat": "Gg. Jakarta No. 236, Payakumbuh 30222, Riau",
      "kec": "Samboja",
      "kel": "kuala samboja",
      "no_rt": 5,
      "no_tps": 6,
      "no_hp": "07916870948",
      "ada_dlm_dpt": 0,
      "pilihan_survei": "Caleg 2"
    },
    {
      "id": 160,
      "nama_lengkap": "Warji Prakasa S.Psi",
      "alamat": "Dk. Sudiarto No. 997, Jambi 29763, Kalbar",
      "kec": "Samboja",
      "kel": "kuala samboja",
      "no_rt": 9,
      "no_tps": 5,
      "no_hp": "084681215961",
      "ada_dlm_dpt": 0,
      "pilihan_survei": "Caleg 2"
    },
    {
      "id": 161,
      "nama_lengkap": "Gaiman Makara Siregar S.I.Kom",
      "alamat": "Gg. Banceng Pondok No. 844, Padangpanjang 81479, Jambi",
      "kec": "Samboja",
      "kel": "sanipah",
      "no_rt": 4,
      "no_tps": 6,
      "no_hp": "(+62)3255863106",
      "ada_dlm_dpt": 0,
      "pilihan_survei": "Caleg 3"
    },
    {
      "id": 162,
      "nama_lengkap": "Rudi Jagaraga Pradipta",
      "alamat": "Jln. Supomo No. 681, Mojokerto 17004, Pabar",
      "kec": "Samboja",
      "kel": "sanipah",
      "no_rt": 6,
      "no_tps": 4,
      "no_hp": "043560172368",
      "ada_dlm_dpt": 0,
      "pilihan_survei": "Caleg 2"
    },
    {
      "id": 163,
      "nama_lengkap": "Shakila Safitri M.TI.",
      "alamat": "Jln. Zamrud No. 895, Pariaman 42166, Sumsel",
      "kec": "Samboja",
      "kel": "sanipah",
      "no_rt": 1,
      "no_tps": 4,
      "no_hp": "(+62)222610014",
      "ada_dlm_dpt": 0,
      "pilihan_survei": "Caleg 3"
    },
    {
      "id": 164,
      "nama_lengkap": "Natalia Samiah Oktaviani S.E.",
      "alamat": "Jln. Casablanca No. 859, Solok 25327, Sumsel",
      "kec": "Samboja",
      "kel": "kuala samboja",
      "no_rt": 3,
      "no_tps": 2,
      "no_hp": "(+62)6820972241",
      "ada_dlm_dpt": 0,
      "pilihan_survei": "Caleg 3"
    },
    {
      "id": 165,
      "nama_lengkap": "Irfan Pranata Ardianto S.I.Kom",
      "alamat": "Jln. Suryo No. 438, Surakarta 15510, Sultra",
      "kec": "Samboja",
      "kel": "pemedas",
      "no_rt": 9,
      "no_tps": 5,
      "no_hp": "021726513726",
      "ada_dlm_dpt": 1,
      "pilihan_survei": "Caleg 2"
    },
    {
      "id": 166,
      "nama_lengkap": "Irma Nuraini",
      "alamat": "Jln. Yap Tjwan Bing No. 856, Bandar Lampung 75616, Sulut",
      "kec": "Samboja",
      "kel": "kuala samboja",
      "no_rt": 8,
      "no_tps": 7,
      "no_hp": "07250824062",
      "ada_dlm_dpt": 1,
      "pilihan_survei": "Caleg 1"
    },
    {
      "id": 167,
      "nama_lengkap": "Rachel Queen Hasanah",
      "alamat": "Jr. Wora Wari No. 515, Gunungsitoli 22078, Pabar",
      "kec": "Samboja",
      "kel": "kuala samboja",
      "no_rt": 1,
      "no_tps": 4,
      "no_hp": "098313755050",
      "ada_dlm_dpt": 0,
      "pilihan_survei": "Caleg 3"
    },
    {
      "id": 168,
      "nama_lengkap": "Wani Namaga",
      "alamat": "Ds. Teuku Umar No. 236, Depok 93997, Jabar",
      "kec": "Samboja",
      "kel": "kuala samboja",
      "no_rt": 8,
      "no_tps": 4,
      "no_hp": "03201073214",
      "ada_dlm_dpt": 0,
      "pilihan_survei": "Caleg 2"
    },
    {
      "id": 169,
      "nama_lengkap": "Tantri Palastri S.E.I",
      "alamat": "Jln. Panjaitan No. 407, Subulussalam 10591, NTT",
      "kec": "Samboja",
      "kel": "kuala samboja",
      "no_rt": 7,
      "no_tps": 7,
      "no_hp": "07172809530",
      "ada_dlm_dpt": 1,
      "pilihan_survei": "Caleg 1"
    },
    {
      "id": 170,
      "nama_lengkap": "Kairav Dadap Tampubolon S.Psi",
      "alamat": "Jln. Suharso No. 831, Administrasi Jakarta Selatan 59954, Sultra",
      "kec": "Samboja",
      "kel": "pemedas",
      "no_rt": 6,
      "no_tps": 8,
      "no_hp": "037114307366",
      "ada_dlm_dpt": 0,
      "pilihan_survei": "Caleg 3"
    },
    {
      "id": 171,
      "nama_lengkap": "Karman Permadi S.Gz",
      "alamat": "Ki. Jakarta No. 206, Kotamobagu 56871, Malut",
      "kec": "Samboja",
      "kel": "sanipah",
      "no_rt": 4,
      "no_tps": 8,
      "no_hp": "086226099266",
      "ada_dlm_dpt": 1,
      "pilihan_survei": "Caleg 1"
    },
    {
      "id": 172,
      "nama_lengkap": "Carub Dodo Saefullah",
      "alamat": "Jln. Bakin No. 459, Banda Aceh 38796, Sulsel",
      "kec": "Samboja",
      "kel": "kuala samboja",
      "no_rt": 1,
      "no_tps": 8,
      "no_hp": "062407791554",
      "ada_dlm_dpt": 1,
      "pilihan_survei": "Caleg 3"
    },
    {
      "id": 173,
      "nama_lengkap": "Luthfi Pranowo S.E.",
      "alamat": "Jr. Wahid No. 723, Malang 41978, NTB",
      "kec": "Samboja",
      "kel": "pemedas",
      "no_rt": 6,
      "no_tps": 7,
      "no_hp": "(+62)3448677608",
      "ada_dlm_dpt": 1,
      "pilihan_survei": "Caleg 3"
    },
    {
      "id": 174,
      "nama_lengkap": "Luwar Utama S.Psi",
      "alamat": "Gg. Pasteur No. 570, Administrasi Jakarta Barat 62698, Sulut",
      "kec": "Samboja",
      "kel": "sanipah",
      "no_rt": 8,
      "no_tps": 2,
      "no_hp": "(+62)4560063193",
      "ada_dlm_dpt": 0,
      "pilihan_survei": "Caleg 2"
    },
    {
      "id": 175,
      "nama_lengkap": "Shania Kuswandari",
      "alamat": "Dk. Elang No. 18, Tangerang Selatan 51478, Bengkulu",
      "kec": "Samboja",
      "kel": "pemedas",
      "no_rt": 9,
      "no_tps": 8,
      "no_hp": "02695766826",
      "ada_dlm_dpt": 0,
      "pilihan_survei": "Caleg 3"
    },
    {
      "id": 176,
      "nama_lengkap": "Salman Saefullah",
      "alamat": "Jln. Uluwatu No. 646, Jambi 65599, Banten",
      "kec": "Samboja",
      "kel": "sanipah",
      "no_rt": 2,
      "no_tps": 8,
      "no_hp": "(+62)7849926751",
      "ada_dlm_dpt": 0,
      "pilihan_survei": "Caleg 3"
    },
    {
      "id": 177,
      "nama_lengkap": "Artawan Narpati S.T.",
      "alamat": "Psr. Moch. Ramdan No. 889, Bau-Bau 81424, NTT",
      "kec": "Samboja",
      "kel": "kuala samboja",
      "no_rt": 6,
      "no_tps": 1,
      "no_hp": "(+62)4167570821",
      "ada_dlm_dpt": 0,
      "pilihan_survei": "Caleg 2"
    },
    {
      "id": 178,
      "nama_lengkap": "Fathonah Winarsih S.Sos",
      "alamat": "Gg. M.T. Haryono No. 649, Yogyakarta 71861, Kalbar",
      "kec": "Samboja",
      "kel": "sanipah",
      "no_rt": 1,
      "no_tps": 1,
      "no_hp": "04548681351",
      "ada_dlm_dpt": 0,
      "pilihan_survei": "Caleg 1"
    },
    {
      "id": 179,
      "nama_lengkap": "Suci Hafshah Wijayanti",
      "alamat": "Psr. S. Parman No. 213, Makassar 35557, Bengkulu",
      "kec": "Samboja",
      "kel": "pemedas",
      "no_rt": 5,
      "no_tps": 6,
      "no_hp": "05225450339",
      "ada_dlm_dpt": 0,
      "pilihan_survei": "Caleg 1"
    },
    {
      "id": 180,
      "nama_lengkap": "Vero Mansur",
      "alamat": "Jln. Gambang No. 116, Batu 82697, Gorontalo",
      "kec": "Samboja",
      "kel": "pemedas",
      "no_rt": 2,
      "no_tps": 1,
      "no_hp": "(+62)57197943820",
      "ada_dlm_dpt": 1,
      "pilihan_survei": "Caleg 2"
    },
    {
      "id": 181,
      "nama_lengkap": "Kamila Yulianti",
      "alamat": "Kpg. Asia Afrika No. 462, Kotamobagu 95074, Jambi",
      "kec": "Samboja",
      "kel": "kuala samboja",
      "no_rt": 1,
      "no_tps": 1,
      "no_hp": "(+62)2175217159",
      "ada_dlm_dpt": 0,
      "pilihan_survei": "Caleg 2"
    },
    {
      "id": 182,
      "nama_lengkap": "Padma Ami Lestari S.Farm",
      "alamat": "Jr. Wahid Hasyim No. 55, Administrasi Jakarta Pusat 44303, Sultra",
      "kec": "Samboja",
      "kel": "kuala samboja",
      "no_rt": 4,
      "no_tps": 4,
      "no_hp": "064579429810",
      "ada_dlm_dpt": 0,
      "pilihan_survei": "Caleg 3"
    },
    {
      "id": 183,
      "nama_lengkap": "Ika Juli Maryati S.H.",
      "alamat": "Ds. Kiaracondong No. 651, Kediri 57341, Sulut",
      "kec": "Samboja",
      "kel": "pemedas",
      "no_rt": 2,
      "no_tps": 3,
      "no_hp": "(+62)2345885737",
      "ada_dlm_dpt": 0,
      "pilihan_survei": "Caleg 1"
    },
    {
      "id": 184,
      "nama_lengkap": "Leo Tampubolon S.T.",
      "alamat": "Psr. R.M. Said No. 243, Administrasi Jakarta Timur 90830, Jambi",
      "kec": "Samboja",
      "kel": "kuala samboja",
      "no_rt": 3,
      "no_tps": 3,
      "no_hp": "(+62)3883979237",
      "ada_dlm_dpt": 0,
      "pilihan_survei": "Caleg 1"
    },
    {
      "id": 185,
      "nama_lengkap": "Ophelia Nasyiah",
      "alamat": "Kpg. Babakan No. 736, Palu 32720, Sumsel",
      "kec": "Samboja",
      "kel": "pemedas",
      "no_rt": 8,
      "no_tps": 6,
      "no_hp": "0261347508",
      "ada_dlm_dpt": 0,
      "pilihan_survei": "Caleg 3"
    },
    {
      "id": 186,
      "nama_lengkap": "Candra Januar",
      "alamat": "Dk. Kebangkitan Nasional No. 870, Tarakan 29418, Papua",
      "kec": "Samboja",
      "kel": "kuala samboja",
      "no_rt": 4,
      "no_tps": 6,
      "no_hp": "08689369872",
      "ada_dlm_dpt": 1,
      "pilihan_survei": "Caleg 2"
    },
    {
      "id": 187,
      "nama_lengkap": "Jessica Shakila Mayasari",
      "alamat": "Dk. Gotong Royong No. 631, Padangpanjang 35391, Kalbar",
      "kec": "Samboja",
      "kel": "pemedas",
      "no_rt": 4,
      "no_tps": 3,
      "no_hp": "03465299440",
      "ada_dlm_dpt": 1,
      "pilihan_survei": "Caleg 3"
    },
    {
      "id": 188,
      "nama_lengkap": "Kamidin Nainggolan",
      "alamat": "Jln. Nangka No. 561, Mataram 11591, Kaltara",
      "kec": "Samboja",
      "kel": "pemedas",
      "no_rt": 3,
      "no_tps": 2,
      "no_hp": "02845291599",
      "ada_dlm_dpt": 1,
      "pilihan_survei": "Caleg 2"
    },
    {
      "id": 189,
      "nama_lengkap": "Gilda Uyainah",
      "alamat": "Dk. Bayam No. 205, Bandar Lampung 95916, Pabar",
      "kec": "Samboja",
      "kel": "sanipah",
      "no_rt": 1,
      "no_tps": 7,
      "no_hp": "0229831484",
      "ada_dlm_dpt": 1,
      "pilihan_survei": "Caleg 3"
    },
    {
      "id": 190,
      "nama_lengkap": "Samiah Usamah",
      "alamat": "Jr. Sudirman No. 86, Serang 84328, Aceh",
      "kec": "Samboja",
      "kel": "pemedas",
      "no_rt": 8,
      "no_tps": 4,
      "no_hp": "(+62)2173153368",
      "ada_dlm_dpt": 1,
      "pilihan_survei": "Caleg 2"
    },
    {
      "id": 191,
      "nama_lengkap": "Purwadi Maheswara",
      "alamat": "Ki. Kebonjati No. 321, Batam 18995, Kaltim",
      "kec": "Samboja",
      "kel": "sanipah",
      "no_rt": 8,
      "no_tps": 1,
      "no_hp": "(+62)3569969732",
      "ada_dlm_dpt": 1,
      "pilihan_survei": "Caleg 2"
    },
    {
      "id": 192,
      "nama_lengkap": "Ami Suryatmi",
      "alamat": "Kpg. Kalimalang No. 657, Makassar 78658, Malut",
      "kec": "Samboja",
      "kel": "pemedas",
      "no_rt": 1,
      "no_tps": 3,
      "no_hp": "097861332334",
      "ada_dlm_dpt": 1,
      "pilihan_survei": "Caleg 2"
    },
    {
      "id": 193,
      "nama_lengkap": "Cici Ciaobella Melani S.Ked",
      "alamat": "Jr. Muwardi No. 786, Bau-Bau 91606, Pabar",
      "kec": "Samboja",
      "kel": "pemedas",
      "no_rt": 3,
      "no_tps": 7,
      "no_hp": "(+62)86446981419",
      "ada_dlm_dpt": 1,
      "pilihan_survei": "Caleg 3"
    },
    {
      "id": 194,
      "nama_lengkap": "Asirwada Dimaz Lazuardi S.E.I",
      "alamat": "Ki. Basuki No. 91, Bukittinggi 24068, Sulsel",
      "kec": "Samboja",
      "kel": "pemedas",
      "no_rt": 2,
      "no_tps": 5,
      "no_hp": "(+62)5400208179",
      "ada_dlm_dpt": 0,
      "pilihan_survei": "Caleg 2"
    },
    {
      "id": 195,
      "nama_lengkap": "Betania Hassanah",
      "alamat": "Kpg. R.M. Said No. 160, Administrasi Jakarta Selatan 77762, Kalsel",
      "kec": "Samboja",
      "kel": "kuala samboja",
      "no_rt": 7,
      "no_tps": 4,
      "no_hp": "0270583933",
      "ada_dlm_dpt": 0,
      "pilihan_survei": "Caleg 3"
    },
    {
      "id": 196,
      "nama_lengkap": "Kasiyah Pudjiastuti",
      "alamat": "Jln. Bambu No. 587, Blitar 76344, Jateng",
      "kec": "Samboja",
      "kel": "pemedas",
      "no_rt": 2,
      "no_tps": 7,
      "no_hp": "(+62)37502020431",
      "ada_dlm_dpt": 0,
      "pilihan_survei": "Caleg 1"
    },
    {
      "id": 197,
      "nama_lengkap": "Ida Yuliarti",
      "alamat": "Dk. Gajah No. 996, Surakarta 84165, Sulut",
      "kec": "Samboja",
      "kel": "kuala samboja",
      "no_rt": 1,
      "no_tps": 5,
      "no_hp": "(+62)4890684404",
      "ada_dlm_dpt": 0,
      "pilihan_survei": "Caleg 2"
    },
    {
      "id": 198,
      "nama_lengkap": "Jaeman Wahyudin",
      "alamat": "Dk. Adisumarmo No. 259, Tegal 22726, Sumsel",
      "kec": "Samboja",
      "kel": "kuala samboja",
      "no_rt": 6,
      "no_tps": 6,
      "no_hp": "06914114023",
      "ada_dlm_dpt": 1,
      "pilihan_survei": "Caleg 2"
    },
    {
      "id": 199,
      "nama_lengkap": "Rosman Okta Prasasta",
      "alamat": "Kpg. Sugiyopranoto No. 131, Tanjung Pinang 86809, Bali",
      "kec": "Samboja",
      "kel": "sanipah",
      "no_rt": 9,
      "no_tps": 7,
      "no_hp": "(+62)9279069259",
      "ada_dlm_dpt": 1,
      "pilihan_survei": "Caleg 1"
    },
    {
      "id": 200,
      "nama_lengkap": "Endra Siregar",
      "alamat": "Ds. Ronggowarsito No. 811, Probolinggo 40841, Lampung",
      "kec": "Samboja",
      "kel": "pemedas",
      "no_rt": 8,
      "no_tps": 1,
      "no_hp": "(+62)98938980399",
      "ada_dlm_dpt": 0,
      "pilihan_survei": "Caleg 1"
    },
    {
      "id": 201,
      "nama_lengkap": "Amalia Halimah",
      "alamat": "Jr. Kebonjati No. 81, Batu 13051, Pabar",
      "kec": "Samboja",
      "kel": "kuala samboja",
      "no_rt": 3,
      "no_tps": 5,
      "no_hp": "07706679271",
      "ada_dlm_dpt": 0,
      "pilihan_survei": "Caleg 2"
    },
    {
      "id": 202,
      "nama_lengkap": "Harto Habibi",
      "alamat": "Dk. Bahagia  No. 767, Administrasi Jakarta Utara 52667, Banten",
      "kec": "Samboja",
      "kel": "kuala samboja",
      "no_rt": 8,
      "no_tps": 3,
      "no_hp": "(+62)2575318997",
      "ada_dlm_dpt": 1,
      "pilihan_survei": "Caleg 2"
    },
    {
      "id": 203,
      "nama_lengkap": "Caturangga Rafi Manullang",
      "alamat": "Ds. Suryo No. 755, Ternate 44654, Jatim",
      "kec": "Samboja",
      "kel": "pemedas",
      "no_rt": 4,
      "no_tps": 2,
      "no_hp": "043426829112",
      "ada_dlm_dpt": 0,
      "pilihan_survei": "Caleg 2"
    },
    {
      "id": 204,
      "nama_lengkap": "Hairyanto Budiman",
      "alamat": "Gg. Abdullah No. 560, Tanjung Pinang 96267, Gorontalo",
      "kec": "Samboja",
      "kel": "kuala samboja",
      "no_rt": 2,
      "no_tps": 3,
      "no_hp": "(+62)45129491777",
      "ada_dlm_dpt": 1,
      "pilihan_survei": "Caleg 1"
    },
    {
      "id": 205,
      "nama_lengkap": "Embuh Adriansyah",
      "alamat": "Gg. Ters. Pasir Koja No. 740, Administrasi Jakarta Timur 20351, Sulsel",
      "kec": "Samboja",
      "kel": "pemedas",
      "no_rt": 1,
      "no_tps": 4,
      "no_hp": "08434946955",
      "ada_dlm_dpt": 0,
      "pilihan_survei": "Caleg 3"
    },
    {
      "id": 206,
      "nama_lengkap": "Maya Pratiwi S.Kom",
      "alamat": "Ds. Rajawali Timur No. 385, Kendari 40310, Jabar",
      "kec": "Samboja",
      "kel": "sanipah",
      "no_rt": 5,
      "no_tps": 2,
      "no_hp": "0291735167",
      "ada_dlm_dpt": 1,
      "pilihan_survei": "Caleg 3"
    },
    {
      "id": 207,
      "nama_lengkap": "Jaka Santoso",
      "alamat": "Ki. Sudiarto No. 516, Bogor 77175, Pabar",
      "kec": "Samboja",
      "kel": "pemedas",
      "no_rt": 8,
      "no_tps": 1,
      "no_hp": "(+62)36287769531",
      "ada_dlm_dpt": 0,
      "pilihan_survei": "Caleg 3"
    },
    {
      "id": 208,
      "nama_lengkap": "Gangsa Gamanto Siregar S.T.",
      "alamat": "Jln. Babakan No. 725, Pematangsiantar 74243, Jabar",
      "kec": "Samboja",
      "kel": "sanipah",
      "no_rt": 6,
      "no_tps": 6,
      "no_hp": "(+62)42444727032",
      "ada_dlm_dpt": 1,
      "pilihan_survei": "Caleg 1"
    },
    {
      "id": 209,
      "nama_lengkap": "Dacin Januar",
      "alamat": "Ds. Banda No. 566, Sorong 20487, Aceh",
      "kec": "Samboja",
      "kel": "pemedas",
      "no_rt": 2,
      "no_tps": 5,
      "no_hp": "(+62)85237552559",
      "ada_dlm_dpt": 0,
      "pilihan_survei": "Caleg 2"
    },
    {
      "id": 210,
      "nama_lengkap": "Zelda Lestari S.Pd",
      "alamat": "Gg. Bak Air No. 971, Makassar 49689, Kaltim",
      "kec": "Samboja",
      "kel": "sanipah",
      "no_rt": 9,
      "no_tps": 3,
      "no_hp": "0892113283",
      "ada_dlm_dpt": 0,
      "pilihan_survei": "Caleg 2"
    },
    {
      "id": 211,
      "nama_lengkap": "Azalea Putri Puspita",
      "alamat": "Psr. Eka No. 925, Tangerang 49308, Sulbar",
      "kec": "Samboja",
      "kel": "pemedas",
      "no_rt": 9,
      "no_tps": 4,
      "no_hp": "053146127661",
      "ada_dlm_dpt": 0,
      "pilihan_survei": "Caleg 1"
    },
    {
      "id": 212,
      "nama_lengkap": "Zizi Purnawati",
      "alamat": "Dk. Lada No. 119, Tarakan 71308, Banten",
      "kec": "Samboja",
      "kel": "pemedas",
      "no_rt": 9,
      "no_tps": 4,
      "no_hp": "022685719541",
      "ada_dlm_dpt": 0,
      "pilihan_survei": "Caleg 3"
    },
    {
      "id": 213,
      "nama_lengkap": "Ayu Titi Halimah S.Sos",
      "alamat": "Jr. Dr. Junjunan No. 964, Tegal 35035, Malut",
      "kec": "Samboja",
      "kel": "pemedas",
      "no_rt": 3,
      "no_tps": 2,
      "no_hp": "070914329543",
      "ada_dlm_dpt": 1,
      "pilihan_survei": "Caleg 2"
    },
    {
      "id": 214,
      "nama_lengkap": "Sakti Hidayat M.Farm",
      "alamat": "Kpg. Wora Wari No. 290, Prabumulih 33251, Sulteng",
      "kec": "Samboja",
      "kel": "sanipah",
      "no_rt": 2,
      "no_tps": 3,
      "no_hp": "084719141135",
      "ada_dlm_dpt": 1,
      "pilihan_survei": "Caleg 2"
    },
    {
      "id": 215,
      "nama_lengkap": "Umay Mangunsong S.T.",
      "alamat": "Psr. Padma No. 264, Tasikmalaya 34957, Babel",
      "kec": "Samboja",
      "kel": "sanipah",
      "no_rt": 7,
      "no_tps": 3,
      "no_hp": "(+62)4848421764",
      "ada_dlm_dpt": 1,
      "pilihan_survei": "Caleg 3"
    },
    {
      "id": 216,
      "nama_lengkap": "Sakura Ami Kuswandari S.IP",
      "alamat": "Dk. Baha No. 227, Gunungsitoli 64018, DIY",
      "kec": "Samboja",
      "kel": "kuala samboja",
      "no_rt": 7,
      "no_tps": 6,
      "no_hp": "02274528192",
      "ada_dlm_dpt": 1,
      "pilihan_survei": "Caleg 3"
    },
    {
      "id": 217,
      "nama_lengkap": "Jindra Marbun",
      "alamat": "Jln. Raya Setiabudhi No. 94, Medan 63546, Jabar",
      "kec": "Samboja",
      "kel": "kuala samboja",
      "no_rt": 5,
      "no_tps": 1,
      "no_hp": "02187165026",
      "ada_dlm_dpt": 1,
      "pilihan_survei": "Caleg 1"
    },
    {
      "id": 218,
      "nama_lengkap": "Bagiya Saputra",
      "alamat": "Gg. Suharso No. 717, Banjarbaru 48944, Pabar",
      "kec": "Samboja",
      "kel": "sanipah",
      "no_rt": 5,
      "no_tps": 8,
      "no_hp": "02064752646",
      "ada_dlm_dpt": 0,
      "pilihan_survei": "Caleg 1"
    },
    {
      "id": 219,
      "nama_lengkap": "Yani Kusmawati",
      "alamat": "Jln. Sutoyo No. 881, Yogyakarta 86775, Kalteng",
      "kec": "Samboja",
      "kel": "sanipah",
      "no_rt": 5,
      "no_tps": 3,
      "no_hp": "(+62)68495681510",
      "ada_dlm_dpt": 0,
      "pilihan_survei": "Caleg 3"
    },
    {
      "id": 220,
      "nama_lengkap": "Nadia Mulyani M.Farm",
      "alamat": "Jr. Pasirkoja No. 856, Ambon 48670, Babel",
      "kec": "Samboja",
      "kel": "pemedas",
      "no_rt": 5,
      "no_tps": 2,
      "no_hp": "0857371766",
      "ada_dlm_dpt": 1,
      "pilihan_survei": "Caleg 2"
    },
    {
      "id": 221,
      "nama_lengkap": "Indah Nasyiah",
      "alamat": "Ki. Bakti No. 536, Pematangsiantar 65257, Pabar",
      "kec": "Samboja",
      "kel": "kuala samboja",
      "no_rt": 8,
      "no_tps": 7,
      "no_hp": "(+62)2783495918",
      "ada_dlm_dpt": 0,
      "pilihan_survei": "Caleg 1"
    },
    {
      "id": 222,
      "nama_lengkap": "Lukita Ismail Utama",
      "alamat": "Dk. Wahidin Sudirohusodo No. 724, Pagar Alam 85743, Jabar",
      "kec": "Samboja",
      "kel": "pemedas",
      "no_rt": 7,
      "no_tps": 5,
      "no_hp": "(+62)85873268079",
      "ada_dlm_dpt": 1,
      "pilihan_survei": "Caleg 2"
    },
    {
      "id": 223,
      "nama_lengkap": "Unjani Wulandari S.Pd",
      "alamat": "Gg. Abdul Rahmat No. 10, Cimahi 77199, Sumbar",
      "kec": "Samboja",
      "kel": "kuala samboja",
      "no_rt": 3,
      "no_tps": 8,
      "no_hp": "(+62)208680717",
      "ada_dlm_dpt": 0,
      "pilihan_survei": "Caleg 3"
    },
    {
      "id": 224,
      "nama_lengkap": "Mahmud Nababan",
      "alamat": "Gg. Kiaracondong No. 679, Administrasi Jakarta Pusat 35393, DIY",
      "kec": "Samboja",
      "kel": "pemedas",
      "no_rt": 1,
      "no_tps": 3,
      "no_hp": "04895096984",
      "ada_dlm_dpt": 0,
      "pilihan_survei": "Caleg 2"
    },
    {
      "id": 225,
      "nama_lengkap": "Zalindra Safitri",
      "alamat": "Jln. Casablanca No. 552, Payakumbuh 58598, Kaltara",
      "kec": "Samboja",
      "kel": "kuala samboja",
      "no_rt": 6,
      "no_tps": 2,
      "no_hp": "(+62)249600658",
      "ada_dlm_dpt": 0,
      "pilihan_survei": "Caleg 1"
    },
    {
      "id": 226,
      "nama_lengkap": "Nrima Sihombing",
      "alamat": "Psr. Dago No. 478, Parepare 14201, Bengkulu",
      "kec": "Samboja",
      "kel": "kuala samboja",
      "no_rt": 7,
      "no_tps": 8,
      "no_hp": "(+62)53380566117",
      "ada_dlm_dpt": 0,
      "pilihan_survei": "Caleg 3"
    },
    {
      "id": 227,
      "nama_lengkap": "Kemba Darmanto Budiman",
      "alamat": "Kpg. Rajawali Barat No. 610, Administrasi Jakarta Utara 28278, Kalteng",
      "kec": "Samboja",
      "kel": "pemedas",
      "no_rt": 2,
      "no_tps": 8,
      "no_hp": "(+62)73044517478",
      "ada_dlm_dpt": 1,
      "pilihan_survei": "Caleg 2"
    },
    {
      "id": 228,
      "nama_lengkap": "Usyi Amalia Widiastuti M.Kom.",
      "alamat": "Kpg. Untung Suropati No. 777, Ambon 88368, Banten",
      "kec": "Samboja",
      "kel": "sanipah",
      "no_rt": 5,
      "no_tps": 1,
      "no_hp": "07347953339",
      "ada_dlm_dpt": 1,
      "pilihan_survei": "Caleg 3"
    },
    {
      "id": 229,
      "nama_lengkap": "Kayla Zalindra Namaga S.Gz",
      "alamat": "Jr. Bass No. 929, Bontang 16887, Sulsel",
      "kec": "Samboja",
      "kel": "kuala samboja",
      "no_rt": 3,
      "no_tps": 4,
      "no_hp": "02290400077",
      "ada_dlm_dpt": 0,
      "pilihan_survei": "Caleg 3"
    },
    {
      "id": 230,
      "nama_lengkap": "Iriana Rahayu S.Gz",
      "alamat": "Dk. Bara Tambar No. 925, Balikpapan 31828, Sulut",
      "kec": "Samboja",
      "kel": "kuala samboja",
      "no_rt": 4,
      "no_tps": 5,
      "no_hp": "06329850402",
      "ada_dlm_dpt": 1,
      "pilihan_survei": "Caleg 1"
    },
    {
      "id": 231,
      "nama_lengkap": "Kayla Lidya Zulaika",
      "alamat": "Dk. Pelajar Pejuang 45 No. 381, Bitung 90942, Sulsel",
      "kec": "Samboja",
      "kel": "kuala samboja",
      "no_rt": 2,
      "no_tps": 7,
      "no_hp": "02115608052",
      "ada_dlm_dpt": 0,
      "pilihan_survei": "Caleg 2"
    },
    {
      "id": 232,
      "nama_lengkap": "Ulya Nurul Rahmawati",
      "alamat": "Jr. Bak Air No. 334, Prabumulih 70084, Sulteng",
      "kec": "Samboja",
      "kel": "sanipah",
      "no_rt": 4,
      "no_tps": 1,
      "no_hp": "043106315603",
      "ada_dlm_dpt": 0,
      "pilihan_survei": "Caleg 3"
    },
    {
      "id": 233,
      "nama_lengkap": "Putu Mustofa",
      "alamat": "Psr. Bakaru No. 833, Jayapura 14052, Jambi",
      "kec": "Samboja",
      "kel": "kuala samboja",
      "no_rt": 9,
      "no_tps": 8,
      "no_hp": "(+62)55423232739",
      "ada_dlm_dpt": 0,
      "pilihan_survei": "Caleg 2"
    },
    {
      "id": 234,
      "nama_lengkap": "Unjani Usada S.Farm",
      "alamat": "Jln. Merdeka No. 684, Medan 90325, Maluku",
      "kec": "Samboja",
      "kel": "sanipah",
      "no_rt": 1,
      "no_tps": 5,
      "no_hp": "(+62)82400841954",
      "ada_dlm_dpt": 1,
      "pilihan_survei": "Caleg 2"
    },
    {
      "id": 235,
      "nama_lengkap": "Nadine Sari Oktaviani S.E.I",
      "alamat": "Psr. Yos No. 999, Administrasi Jakarta Barat 49539, Kepri",
      "kec": "Samboja",
      "kel": "pemedas",
      "no_rt": 8,
      "no_tps": 1,
      "no_hp": "088598136625",
      "ada_dlm_dpt": 0,
      "pilihan_survei": "Caleg 2"
    },
    {
      "id": 236,
      "nama_lengkap": "Puput Paulin Melani",
      "alamat": "Ds. Pasir Koja No. 469, Palu 14997, Riau",
      "kec": "Samboja",
      "kel": "kuala samboja",
      "no_rt": 8,
      "no_tps": 2,
      "no_hp": "083561434305",
      "ada_dlm_dpt": 0,
      "pilihan_survei": "Caleg 1"
    },
    {
      "id": 237,
      "nama_lengkap": "Talia Purnawati M.Farm",
      "alamat": "Kpg. Gambang No. 545, Banjarbaru 48065, Sulsel",
      "kec": "Samboja",
      "kel": "sanipah",
      "no_rt": 6,
      "no_tps": 2,
      "no_hp": "(+62)41859603689",
      "ada_dlm_dpt": 1,
      "pilihan_survei": "Caleg 3"
    },
    {
      "id": 238,
      "nama_lengkap": "Devi Shakila Suartini S.Ked",
      "alamat": "Jr. Sudiarto No. 825, Pematangsiantar 80036, NTT",
      "kec": "Samboja",
      "kel": "sanipah",
      "no_rt": 3,
      "no_tps": 6,
      "no_hp": "03424871728",
      "ada_dlm_dpt": 1,
      "pilihan_survei": "Caleg 3"
    },
    {
      "id": 239,
      "nama_lengkap": "Muhammad Karja Wacana S.Pd",
      "alamat": "Kpg. Raya Ujungberung No. 142, Samarinda 20452, Banten",
      "kec": "Samboja",
      "kel": "kuala samboja",
      "no_rt": 6,
      "no_tps": 6,
      "no_hp": "(+62)5963113453",
      "ada_dlm_dpt": 0,
      "pilihan_survei": "Caleg 2"
    },
    {
      "id": 240,
      "nama_lengkap": "Keisha Palastri",
      "alamat": "Gg. Gambang No. 289, Madiun 43085, Kepri",
      "kec": "Samboja",
      "kel": "pemedas",
      "no_rt": 4,
      "no_tps": 5,
      "no_hp": "(+62)2600255849",
      "ada_dlm_dpt": 1,
      "pilihan_survei": "Caleg 1"
    },
    {
      "id": 241,
      "nama_lengkap": "Wahyu Natsir",
      "alamat": "Psr. Ciwastra No. 625, Madiun 90907, Bengkulu",
      "kec": "Samboja",
      "kel": "pemedas",
      "no_rt": 8,
      "no_tps": 7,
      "no_hp": "(+62)7786510514",
      "ada_dlm_dpt": 1,
      "pilihan_survei": "Caleg 1"
    },
    {
      "id": 242,
      "nama_lengkap": "Lembah Tamba",
      "alamat": "Ds. Bata Putih No. 532, Pagar Alam 27164, Sulut",
      "kec": "Samboja",
      "kel": "sanipah",
      "no_rt": 6,
      "no_tps": 2,
      "no_hp": "062576795983",
      "ada_dlm_dpt": 1,
      "pilihan_survei": "Caleg 1"
    },
    {
      "id": 243,
      "nama_lengkap": "Rahmi Dian Uyainah M.Kom.",
      "alamat": "Dk. Sukabumi No. 702, Tanjung Pinang 35927, Papua",
      "kec": "Samboja",
      "kel": "pemedas",
      "no_rt": 5,
      "no_tps": 5,
      "no_hp": "(+62)7908044617",
      "ada_dlm_dpt": 0,
      "pilihan_survei": "Caleg 2"
    },
    {
      "id": 244,
      "nama_lengkap": "Taswir Jailani",
      "alamat": "Kpg. Moch. Toha No. 425, Madiun 24666, Kalteng",
      "kec": "Samboja",
      "kel": "pemedas",
      "no_rt": 8,
      "no_tps": 7,
      "no_hp": "(+62)7706123585",
      "ada_dlm_dpt": 1,
      "pilihan_survei": "Caleg 2"
    },
    {
      "id": 245,
      "nama_lengkap": "Yani Safitri S.Ked",
      "alamat": "Ds. Jend. A. Yani No. 733, Solok 40290, Sulut",
      "kec": "Samboja",
      "kel": "pemedas",
      "no_rt": 2,
      "no_tps": 2,
      "no_hp": "(+62)206822822",
      "ada_dlm_dpt": 1,
      "pilihan_survei": "Caleg 3"
    },
    {
      "id": 246,
      "nama_lengkap": "Safina Palastri S.E.",
      "alamat": "Ds. S. Parman No. 802, Kendari 42280, Papua",
      "kec": "Samboja",
      "kel": "sanipah",
      "no_rt": 2,
      "no_tps": 8,
      "no_hp": "(+62)4632520867",
      "ada_dlm_dpt": 0,
      "pilihan_survei": "Caleg 1"
    },
    {
      "id": 247,
      "nama_lengkap": "Olga Mansur",
      "alamat": "Kpg. Madiun No. 503, Dumai 42788, Jateng",
      "kec": "Samboja",
      "kel": "pemedas",
      "no_rt": 5,
      "no_tps": 1,
      "no_hp": "(+62)257589886",
      "ada_dlm_dpt": 0,
      "pilihan_survei": "Caleg 3"
    },
    {
      "id": 248,
      "nama_lengkap": "Paiman Kuswoyo",
      "alamat": "Ds. Siliwangi No. 625, Lubuklinggau 66161, Babel",
      "kec": "Samboja",
      "kel": "pemedas",
      "no_rt": 4,
      "no_tps": 3,
      "no_hp": "(+62)99993868431",
      "ada_dlm_dpt": 1,
      "pilihan_survei": "Caleg 3"
    },
    {
      "id": 249,
      "nama_lengkap": "Hana Tania Palastri",
      "alamat": "Jln. Ters. Jakarta No. 525, Palu 56866, Sumut",
      "kec": "Samboja",
      "kel": "sanipah",
      "no_rt": 7,
      "no_tps": 8,
      "no_hp": "(+62)7358809384",
      "ada_dlm_dpt": 0,
      "pilihan_survei": "Caleg 3"
    },
    {
      "id": 250,
      "nama_lengkap": "Jefri Kurniawan",
      "alamat": "Psr. Eka No. 592, Sukabumi 18027, Jambi",
      "kec": "Samboja",
      "kel": "kuala samboja",
      "no_rt": 7,
      "no_tps": 8,
      "no_hp": "03136390348",
      "ada_dlm_dpt": 1,
      "pilihan_survei": "Caleg 1"
    },
    {
      "id": 251,
      "nama_lengkap": "Dewi Padmasari S.Pt",
      "alamat": "Jr. Bappenas No. 657, Bukittinggi 34431, Banten",
      "kec": "Samboja",
      "kel": "sanipah",
      "no_rt": 5,
      "no_tps": 8,
      "no_hp": "070196368796",
      "ada_dlm_dpt": 1,
      "pilihan_survei": "Caleg 3"
    },
    {
      "id": 252,
      "nama_lengkap": "Ani Zulaika M.TI.",
      "alamat": "Ds. Sutoyo No. 874, Tangerang Selatan 60318, Maluku",
      "kec": "Samboja",
      "kel": "sanipah",
      "no_rt": 6,
      "no_tps": 8,
      "no_hp": "(+62)2503754452",
      "ada_dlm_dpt": 0,
      "pilihan_survei": "Caleg 2"
    },
    {
      "id": 253,
      "nama_lengkap": "Gamblang Bambang Latupono S.Kom",
      "alamat": "Jr. Kebangkitan Nasional No. 517, Administrasi Jakarta Selatan 82314, Kalteng",
      "kec": "Samboja",
      "kel": "kuala samboja",
      "no_rt": 9,
      "no_tps": 6,
      "no_hp": "(+62)5803621066",
      "ada_dlm_dpt": 1,
      "pilihan_survei": "Caleg 1"
    },
    {
      "id": 254,
      "nama_lengkap": "Hari Pranowo",
      "alamat": "Gg. Supono No. 836, Administrasi Jakarta Barat 49768, Banten",
      "kec": "Samboja",
      "kel": "pemedas",
      "no_rt": 9,
      "no_tps": 1,
      "no_hp": "(+62)43570543588",
      "ada_dlm_dpt": 0,
      "pilihan_survei": "Caleg 1"
    },
    {
      "id": 255,
      "nama_lengkap": "Lurhur Winarno S.H.",
      "alamat": "Gg. Baan No. 617, Palu 94604, Sumut",
      "kec": "Samboja",
      "kel": "pemedas",
      "no_rt": 1,
      "no_tps": 3,
      "no_hp": "(+62)4399372125",
      "ada_dlm_dpt": 1,
      "pilihan_survei": "Caleg 1"
    },
    {
      "id": 256,
      "nama_lengkap": "Eko Cemani Siregar S.IP",
      "alamat": "Psr. Supomo No. 26, Prabumulih 45417, Malut",
      "kec": "Samboja",
      "kel": "pemedas",
      "no_rt": 3,
      "no_tps": 1,
      "no_hp": "02805970441",
      "ada_dlm_dpt": 0,
      "pilihan_survei": "Caleg 2"
    },
    {
      "id": 257,
      "nama_lengkap": "Puji Andriani S.I.Kom",
      "alamat": "Ki. Untung Suropati No. 386, Padangsidempuan 76386, Papua",
      "kec": "Samboja",
      "kel": "pemedas",
      "no_rt": 1,
      "no_tps": 1,
      "no_hp": "(+62)232453265",
      "ada_dlm_dpt": 0,
      "pilihan_survei": "Caleg 3"
    },
    {
      "id": 258,
      "nama_lengkap": "Empluk Halim S.Pd",
      "alamat": "Jr. Jaksa No. 867, Ambon 31152, Sulteng",
      "kec": "Samboja",
      "kel": "sanipah",
      "no_rt": 1,
      "no_tps": 6,
      "no_hp": "(+62)60314174803",
      "ada_dlm_dpt": 0,
      "pilihan_survei": "Caleg 3"
    },
    {
      "id": 259,
      "nama_lengkap": "Maya Astuti",
      "alamat": "Jr. Sukabumi No. 253, Singkawang 74577, Kalbar",
      "kec": "Samboja",
      "kel": "pemedas",
      "no_rt": 4,
      "no_tps": 4,
      "no_hp": "(+62)9210148512",
      "ada_dlm_dpt": 1,
      "pilihan_survei": "Caleg 2"
    },
    {
      "id": 260,
      "nama_lengkap": "Cici Novitasari",
      "alamat": "Dk. Astana Anyar No. 329, Sawahlunto 86805, Kaltim",
      "kec": "Samboja",
      "kel": "kuala samboja",
      "no_rt": 6,
      "no_tps": 7,
      "no_hp": "(+62)3869541586",
      "ada_dlm_dpt": 0,
      "pilihan_survei": "Caleg 1"
    },
    {
      "id": 261,
      "nama_lengkap": "Ifa Dinda Farida S.Gz",
      "alamat": "Dk. Bambu No. 690, Samarinda 65236, Jatim",
      "kec": "Samboja",
      "kel": "kuala samboja",
      "no_rt": 9,
      "no_tps": 2,
      "no_hp": "(+62)93518717689",
      "ada_dlm_dpt": 1,
      "pilihan_survei": "Caleg 2"
    },
    {
      "id": 262,
      "nama_lengkap": "Maimunah Rahimah",
      "alamat": "Kpg. Bagis Utama No. 17, Tegal 81604, Sultra",
      "kec": "Samboja",
      "kel": "pemedas",
      "no_rt": 4,
      "no_tps": 7,
      "no_hp": "04959737513",
      "ada_dlm_dpt": 0,
      "pilihan_survei": "Caleg 1"
    },
    {
      "id": 263,
      "nama_lengkap": "Ega Dwi Permadi M.Ak",
      "alamat": "Jr. Antapani Lama No. 426, Pontianak 23493, Riau",
      "kec": "Samboja",
      "kel": "kuala samboja",
      "no_rt": 3,
      "no_tps": 8,
      "no_hp": "06127606625",
      "ada_dlm_dpt": 0,
      "pilihan_survei": "Caleg 3"
    },
    {
      "id": 264,
      "nama_lengkap": "Martani Prasetyo",
      "alamat": "Dk. Setiabudhi No. 362, Pasuruan 60691, Jatim",
      "kec": "Samboja",
      "kel": "kuala samboja",
      "no_rt": 1,
      "no_tps": 4,
      "no_hp": "0858278621",
      "ada_dlm_dpt": 0,
      "pilihan_survei": "Caleg 2"
    },
    {
      "id": 265,
      "nama_lengkap": "Shania Yolanda",
      "alamat": "Kpg. Cemara No. 494, Tebing Tinggi 71135, Kaltara",
      "kec": "Samboja",
      "kel": "sanipah",
      "no_rt": 4,
      "no_tps": 7,
      "no_hp": "02191909943",
      "ada_dlm_dpt": 0,
      "pilihan_survei": "Caleg 2"
    },
    {
      "id": 266,
      "nama_lengkap": "Almira Puspita S.Psi",
      "alamat": "Gg. Bahagia No. 463, Salatiga 16844, Babel",
      "kec": "Samboja",
      "kel": "kuala samboja",
      "no_rt": 8,
      "no_tps": 1,
      "no_hp": "09242135289",
      "ada_dlm_dpt": 0,
      "pilihan_survei": "Caleg 3"
    },
    {
      "id": 267,
      "nama_lengkap": "Yuliana Usamah",
      "alamat": "Jr. Sutarto No. 661, Surakarta 85201, Jabar",
      "kec": "Samboja",
      "kel": "kuala samboja",
      "no_rt": 7,
      "no_tps": 6,
      "no_hp": "(+62)8827219922",
      "ada_dlm_dpt": 0,
      "pilihan_survei": "Caleg 3"
    },
    {
      "id": 268,
      "nama_lengkap": "Nyana Banawa Saefullah S.H.",
      "alamat": "Kpg. Baiduri No. 491, Pematangsiantar 84032, Sulut",
      "kec": "Samboja",
      "kel": "kuala samboja",
      "no_rt": 2,
      "no_tps": 7,
      "no_hp": "(+62)7578158754",
      "ada_dlm_dpt": 1,
      "pilihan_survei": "Caleg 2"
    },
    {
      "id": 269,
      "nama_lengkap": "Melinda Widya Wijayanti M.Farm",
      "alamat": "Jln. Kebangkitan Nasional No. 350, Madiun 87102, Pabar",
      "kec": "Samboja",
      "kel": "pemedas",
      "no_rt": 4,
      "no_tps": 4,
      "no_hp": "(+62)6098002343",
      "ada_dlm_dpt": 1,
      "pilihan_survei": "Caleg 1"
    },
    {
      "id": 270,
      "nama_lengkap": "Gantar Gamanto Rajata S.Pt",
      "alamat": "Ki. Bayam No. 972, Banjarmasin 87423, Sulut",
      "kec": "Samboja",
      "kel": "pemedas",
      "no_rt": 4,
      "no_tps": 8,
      "no_hp": "036772057032",
      "ada_dlm_dpt": 1,
      "pilihan_survei": "Caleg 1"
    },
    {
      "id": 271,
      "nama_lengkap": "Jane Yessi Novitasari",
      "alamat": "Jr. Rajiman No. 407, Samarinda 50298, Babel",
      "kec": "Samboja",
      "kel": "kuala samboja",
      "no_rt": 3,
      "no_tps": 1,
      "no_hp": "094976956693",
      "ada_dlm_dpt": 1,
      "pilihan_survei": "Caleg 1"
    },
    {
      "id": 272,
      "nama_lengkap": "Rudi Rudi Sihombing S.I.Kom",
      "alamat": "Ds. BKR No. 408, Denpasar 65641, Sulteng",
      "kec": "Samboja",
      "kel": "kuala samboja",
      "no_rt": 4,
      "no_tps": 7,
      "no_hp": "(+62)3996581901",
      "ada_dlm_dpt": 1,
      "pilihan_survei": "Caleg 1"
    },
    {
      "id": 273,
      "nama_lengkap": "Niyaga Marbun",
      "alamat": "Kpg. Surapati No. 353, Administrasi Jakarta Barat 44435, Sumsel",
      "kec": "Samboja",
      "kel": "sanipah",
      "no_rt": 9,
      "no_tps": 7,
      "no_hp": "02415421343",
      "ada_dlm_dpt": 1,
      "pilihan_survei": "Caleg 3"
    },
    {
      "id": 274,
      "nama_lengkap": "Nurul Hastuti",
      "alamat": "Gg. Bazuka Raya No. 8, Sorong 49301, Babel",
      "kec": "Samboja",
      "kel": "sanipah",
      "no_rt": 4,
      "no_tps": 5,
      "no_hp": "07298499930",
      "ada_dlm_dpt": 1,
      "pilihan_survei": "Caleg 1"
    },
    {
      "id": 275,
      "nama_lengkap": "Tedi Asman Halim",
      "alamat": "Kpg. Babadan No. 680, Palopo 81407, Malut",
      "kec": "Samboja",
      "kel": "kuala samboja",
      "no_rt": 5,
      "no_tps": 7,
      "no_hp": "038070584452",
      "ada_dlm_dpt": 0,
      "pilihan_survei": "Caleg 2"
    },
    {
      "id": 276,
      "nama_lengkap": "Bakiman Cemplunk Pratama M.Farm",
      "alamat": "Kpg. Mulyadi No. 671, Bogor 35269, Sulbar",
      "kec": "Samboja",
      "kel": "sanipah",
      "no_rt": 9,
      "no_tps": 2,
      "no_hp": "(+62)8137329863",
      "ada_dlm_dpt": 0,
      "pilihan_survei": "Caleg 1"
    },
    {
      "id": 277,
      "nama_lengkap": "Sidiq Cengkal Sihotang",
      "alamat": "Ds. Untung Suropati No. 322, Parepare 74121, Aceh",
      "kec": "Samboja",
      "kel": "pemedas",
      "no_rt": 5,
      "no_tps": 5,
      "no_hp": "053467208447",
      "ada_dlm_dpt": 1,
      "pilihan_survei": "Caleg 3"
    },
    {
      "id": 278,
      "nama_lengkap": "Eka Gunawan",
      "alamat": "Kpg. Ciwastra No. 966, Pangkal Pinang 12632, Sulut",
      "kec": "Samboja",
      "kel": "kuala samboja",
      "no_rt": 2,
      "no_tps": 6,
      "no_hp": "0231600606",
      "ada_dlm_dpt": 0,
      "pilihan_survei": "Caleg 1"
    },
    {
      "id": 279,
      "nama_lengkap": "Gatra Suwarno",
      "alamat": "Ds. Merdeka No. 729, Pekanbaru 71645, Sumbar",
      "kec": "Samboja",
      "kel": "sanipah",
      "no_rt": 3,
      "no_tps": 7,
      "no_hp": "(+62)2963739243",
      "ada_dlm_dpt": 0,
      "pilihan_survei": "Caleg 3"
    },
    {
      "id": 280,
      "nama_lengkap": "Luwar Prakosa Saptono S.Kom",
      "alamat": "Psr. Sumpah Pemuda No. 80, Bima 49744, Sulbar",
      "kec": "Samboja",
      "kel": "pemedas",
      "no_rt": 6,
      "no_tps": 3,
      "no_hp": "07073056414",
      "ada_dlm_dpt": 0,
      "pilihan_survei": "Caleg 1"
    },
    {
      "id": 281,
      "nama_lengkap": "Vanya Sari Hastuti S.Kom",
      "alamat": "Jr. Bakau Griya Utama No. 381, Sukabumi 68201, Gorontalo",
      "kec": "Samboja",
      "kel": "sanipah",
      "no_rt": 8,
      "no_tps": 5,
      "no_hp": "04894746638",
      "ada_dlm_dpt": 1,
      "pilihan_survei": "Caleg 2"
    },
    {
      "id": 282,
      "nama_lengkap": "Jarwadi Galar Sihotang",
      "alamat": "Ki. Mulyadi No. 938, Sawahlunto 23321, Sulut",
      "kec": "Samboja",
      "kel": "sanipah",
      "no_rt": 9,
      "no_tps": 1,
      "no_hp": "(+62)826322773",
      "ada_dlm_dpt": 1,
      "pilihan_survei": "Caleg 2"
    },
    {
      "id": 283,
      "nama_lengkap": "Kasiyah Riyanti",
      "alamat": "Ki. Thamrin No. 691, Cirebon 76541, Jateng",
      "kec": "Samboja",
      "kel": "sanipah",
      "no_rt": 8,
      "no_tps": 7,
      "no_hp": "(+62)53182139457",
      "ada_dlm_dpt": 1,
      "pilihan_survei": "Caleg 2"
    },
    {
      "id": 284,
      "nama_lengkap": "Emil Jumadi Thamrin S.Sos",
      "alamat": "Ki. Jakarta No. 526, Malang 33552, Bengkulu",
      "kec": "Samboja",
      "kel": "kuala samboja",
      "no_rt": 6,
      "no_tps": 1,
      "no_hp": "09044065231",
      "ada_dlm_dpt": 1,
      "pilihan_survei": "Caleg 2"
    },
    {
      "id": 285,
      "nama_lengkap": "Karja Anggriawan",
      "alamat": "Ki. Setiabudhi No. 902, Palu 31911, Sulsel",
      "kec": "Samboja",
      "kel": "sanipah",
      "no_rt": 1,
      "no_tps": 4,
      "no_hp": "02690140771",
      "ada_dlm_dpt": 1,
      "pilihan_survei": "Caleg 1"
    },
    {
      "id": 286,
      "nama_lengkap": "Respati Januar",
      "alamat": "Jr. Sutarto No. 52, Tual 56949, Kaltim",
      "kec": "Samboja",
      "kel": "kuala samboja",
      "no_rt": 7,
      "no_tps": 1,
      "no_hp": "02253675847",
      "ada_dlm_dpt": 0,
      "pilihan_survei": "Caleg 3"
    },
    {
      "id": 287,
      "nama_lengkap": "Jatmiko Napitupulu S.E.I",
      "alamat": "Jr. Tentara Pelajar No. 533, Palopo 62627, Sumsel",
      "kec": "Samboja",
      "kel": "pemedas",
      "no_rt": 5,
      "no_tps": 5,
      "no_hp": "042191391801",
      "ada_dlm_dpt": 1,
      "pilihan_survei": "Caleg 3"
    },
    {
      "id": 288,
      "nama_lengkap": "Nova Wijayanti",
      "alamat": "Dk. Baiduri No. 420, Probolinggo 40407, Sumbar",
      "kec": "Samboja",
      "kel": "pemedas",
      "no_rt": 3,
      "no_tps": 6,
      "no_hp": "071317139402",
      "ada_dlm_dpt": 1,
      "pilihan_survei": "Caleg 3"
    },
    {
      "id": 289,
      "nama_lengkap": "Eli Karimah Astuti S.I.Kom",
      "alamat": "Jln. Jend. Sudirman No. 915, Medan 57451, Jambi",
      "kec": "Samboja",
      "kel": "kuala samboja",
      "no_rt": 2,
      "no_tps": 1,
      "no_hp": "(+62)83919831390",
      "ada_dlm_dpt": 1,
      "pilihan_survei": "Caleg 2"
    },
    {
      "id": 290,
      "nama_lengkap": "Fitria Wijayanti S.E.I",
      "alamat": "Ki. Jagakarsa No. 383, Administrasi Jakarta Utara 25525, Gorontalo",
      "kec": "Samboja",
      "kel": "pemedas",
      "no_rt": 5,
      "no_tps": 8,
      "no_hp": "(+62)268832212",
      "ada_dlm_dpt": 0,
      "pilihan_survei": "Caleg 1"
    },
    {
      "id": 291,
      "nama_lengkap": "Safina Suartini",
      "alamat": "Kpg. Banal No. 947, Pekanbaru 62358, Malut",
      "kec": "Samboja",
      "kel": "pemedas",
      "no_rt": 3,
      "no_tps": 1,
      "no_hp": "022202067817",
      "ada_dlm_dpt": 1,
      "pilihan_survei": "Caleg 3"
    },
    {
      "id": 292,
      "nama_lengkap": "Darimin Sirait",
      "alamat": "Kpg. Padma No. 437, Padangpanjang 25388, Kalteng",
      "kec": "Samboja",
      "kel": "pemedas",
      "no_rt": 8,
      "no_tps": 2,
      "no_hp": "02489837957",
      "ada_dlm_dpt": 0,
      "pilihan_survei": "Caleg 2"
    },
    {
      "id": 293,
      "nama_lengkap": "Michelle Pertiwi",
      "alamat": "Ds. Adisucipto No. 361, Payakumbuh 95938, Jambi",
      "kec": "Samboja",
      "kel": "kuala samboja",
      "no_rt": 2,
      "no_tps": 1,
      "no_hp": "(+62)2323597421",
      "ada_dlm_dpt": 1,
      "pilihan_survei": "Caleg 2"
    },
    {
      "id": 294,
      "nama_lengkap": "Keisha Farida",
      "alamat": "Psr. Villa No. 188, Gunungsitoli 98700, Sulsel",
      "kec": "Samboja",
      "kel": "pemedas",
      "no_rt": 2,
      "no_tps": 4,
      "no_hp": "090896969606",
      "ada_dlm_dpt": 0,
      "pilihan_survei": "Caleg 1"
    },
    {
      "id": 295,
      "nama_lengkap": "Wulan Farida S.Pd",
      "alamat": "Psr. Surapati No. 120, Ternate 26114, Papua",
      "kec": "Samboja",
      "kel": "sanipah",
      "no_rt": 9,
      "no_tps": 1,
      "no_hp": "0226092452",
      "ada_dlm_dpt": 1,
      "pilihan_survei": "Caleg 3"
    },
    {
      "id": 296,
      "nama_lengkap": "Ivan Situmorang",
      "alamat": "Jln. Basoka Raya No. 409, Tanjungbalai 19678, Aceh",
      "kec": "Samboja",
      "kel": "sanipah",
      "no_rt": 4,
      "no_tps": 2,
      "no_hp": "(+62)2319214151",
      "ada_dlm_dpt": 0,
      "pilihan_survei": "Caleg 1"
    },
    {
      "id": 297,
      "nama_lengkap": "Cemplunk Wahyudin",
      "alamat": "Jr. Gajah Mada No. 998, Jayapura 38469, NTT",
      "kec": "Samboja",
      "kel": "pemedas",
      "no_rt": 8,
      "no_tps": 6,
      "no_hp": "(+62)41615914851",
      "ada_dlm_dpt": 0,
      "pilihan_survei": "Caleg 1"
    },
    {
      "id": 298,
      "nama_lengkap": "Ozy Carub Prasetyo M.Ak",
      "alamat": "Ds. Rajawali Timur No. 588, Sukabumi 46985, Jateng",
      "kec": "Samboja",
      "kel": "kuala samboja",
      "no_rt": 4,
      "no_tps": 3,
      "no_hp": "07838854425",
      "ada_dlm_dpt": 1,
      "pilihan_survei": "Caleg 2"
    },
    {
      "id": 299,
      "nama_lengkap": "Sarah Wijayanti",
      "alamat": "Ki. Sam Ratulangi No. 95, Ambon 68973, Pabar",
      "kec": "Samboja",
      "kel": "pemedas",
      "no_rt": 9,
      "no_tps": 8,
      "no_hp": "(+62)38249736378",
      "ada_dlm_dpt": 0,
      "pilihan_survei": "Caleg 1"
    }
  ]
}